Branch Name,From Node,To Node,Reactance (p.u.),Resistance (p.u.),Max Flow (MW),Hurdle Rate (Wheeling Charge) ($/MWh),,From Node,To Node,,From Name,To Name,From ID,To ID,Reactance,Capacity
ADELANTO 500 ~ RINALDI  500 # 1,ADELANTO 500 {2600},RINALDI  500 {2601},0.01861,0.00074,99999,,,ADELANTO 500 {2600},RINALDI  500 {2601},,Adelanto_500,Rinaldi_500,2600,2601,0.05,10000
ADELANTO 500 ~ STA E    500 # 1,ADELANTO 500 {2600},STA E    500 {2602},0.01668,0.00082,99999,,,ADELANTO 500 {2600},STA E    500 {2602},,,,,,,
ADELANTO 500 ~ VICTORVL 500 # 1,ADELANTO 500 {2600},VICTORVL 500 {2603},0.00159,0,99999,,,ADELANTO 500 {2600},VICTORVL 500 {2603},,,,,,,
ADELANTO 500 ~ VICTORVL 500 # 2,ADELANTO 500 {2600},VICTORVL 500 {2603},0.00159,0,99999,,,ADELANTO 500 {2600},VICTORVL 500 {2603},,,,,,,
BELL     230 ~ CA230    230 # 1,BELL     230 {4104},CA230    230 {5004},0.02,0.002,99999,3,,BELL     230 {4104},CA230    230 {5004},,,,,,,
BELL     500 ~ BELL     230 # 1,BELL     500 {4103},BELL     230 {4104},0.01,0,99999,,,BELL     500 {4103},BELL     230 {4104},,,,,,,
BELL     500 ~ GARRISON 500 # 1,BELL     500 {4103},GARRISON 500 {6202},0.0965,0.0108,99999,3,,BELL     500 {4103},GARRISON 500 {6202},,,,,,,
BELLOTA  230 ~ BRIGHTON 230 # 1,BELLOTA  230 {3907},BRIGHTON 230 {3908},0.02886,0.00312,888,,,BELLOTA  230 {3907},BRIGHTON 230 {3908},,,,,,,
BELLOTA  230 ~ RNCHSECO 230 # 1,BELLOTA  230 {3907},RNCHSECO 230 {8004},0.09268,0.01382,99999,3,,BELLOTA  230 {3907},RNCHSECO 230 {8004},,,,,,,
BELLOTA  230 ~ TESLA    230 # 1,BELLOTA  230 {3907},TESLA    230 {3923},0.02886,0.00312,888,,,BELLOTA  230 {3907},TESLA    230 {3923},,,,,,,
BENLOMND 345 ~ BENLOMND 230 # 1,BENLOMND 345 {6501},BENLOMND 230 {6510},0.0181,0.0003,99999,,,BENLOMND 345 {6501},BENLOMND 230 {6510},,,,,,,
BENLOMND 345 ~ BENLOMND 230 # 2,BENLOMND 345 {6501},BENLOMND 230 {6510},0.0181,0.0003,99999,,,BENLOMND 345 {6501},BENLOMND 230 {6510},,,,,,,
BENLOMND 345 ~ CAMP WIL 345 # 1,BENLOMND 345 {6501},CAMP WIL 345 {6502},0.00332,0.0024,99999,,,BENLOMND 345 {6501},CAMP WIL 345 {6502},,,,,,,
BENLOMND 345 ~ MONA     345 # 1,BENLOMND 345 {6501},MONA     345 {6504},0.00238,0.0021,99999,,,BENLOMND 345 {6501},MONA     345 {6504},,,,,,,
BENLOMND 345 ~ TERMINAL 345 # 1,BENLOMND 345 {6501},TERMINAL 345 {6509},0.00226,0.0016,99999,,,BENLOMND 345 {6501},TERMINAL 345 {6509},,,,,,,
BENLOMND 345 ~ TERMINAL 345 # 2,BENLOMND 345 {6501},TERMINAL 345 {6509},0.00226,0.0016,99999,,,BENLOMND 345 {6501},TERMINAL 345 {6509},,,,,,,
BIG EDDY 230 ~ BELL     230 # 1,BIG EDDY 230 {4009},BELL     230 {4104},0.02,0.002,99999,,,BIG EDDY 230 {4009},BELL     230 {4104},,,,,,,
BIG EDDY 230 ~ CELILO   230 # 1,BIG EDDY 230 {4009},CELILO   230 {4010},0.00131,0.00006,3020,3,,BIG EDDY 230 {4009},CELILO   230 {4010},,,,,,,
BIG EDDY 230 ~ CELILO   230 # 2,BIG EDDY 230 {4009},CELILO   230 {4010},0.00116,0.00006,3020,3,,BIG EDDY 230 {4009},CELILO   230 {4010},,,,,,,
BIG EDDY 230 ~ DALLES21 20 # 1,BIG EDDY 230 {4009},DALLES21 20 {4039},0.0005,0,2000,,,BIG EDDY 230 {4009},DALLES21 20 {4039},,,,,,,
BIG EDDY 500 ~ BIG EDDY 230 # 1,BIG EDDY 500 {4006},BIG EDDY 230 {4009},0.01181,0.0002,1008,,,BIG EDDY 500 {4006},BIG EDDY 230 {4009},,,,,,,
BIG EDDY 500 ~ BIG EDDY 230 # 2,BIG EDDY 500 {4006},BIG EDDY 230 {4009},0.00735,0.00009,1300,,,BIG EDDY 500 {4006},BIG EDDY 230 {4009},,,,,,,
BIG EDDY 500 ~ CELILOCA 500 # 1,BIG EDDY 500 {4006},CELILOCA 500 {4007},0.0003,0.00001,3450,,,BIG EDDY 500 {4006},CELILOCA 500 {4007},,,,,,,
BIG EDDY 500 ~ CELILOCA 500 # 2,BIG EDDY 500 {4006},CELILOCA 500 {4007},0.0003,0.00001,3450,,,BIG EDDY 500 {4006},CELILOCA 500 {4007},,,,,,,
BIG EDDY 500 ~ WCASCADE 500 # 1,BIG EDDY 500 {4006},WCASCADE 500 {4202},0.0082,0.0002,99999,,,BIG EDDY 500 {4006},WCASCADE 500 {4202},,,,,,,
BORAH    230 ~ GARRISON 230 # 1,BORAH    230 {6104},GARRISON 230 {6204},0.0965,0.0108,99999,3,,BORAH    230 {6104},GARRISON 230 {6204},,,,,,,
BORAH    230 ~ NAUGHTON 230 # 1,BORAH    230 {6104},NAUGHTON 230 {6305},0.0965,0.0108,99999,3,,BORAH    230 {6104},NAUGHTON 230 {6305},,,,,,,
BORAH    345 ~ BENLOMND 345 # 1,BORAH    345 {6103},BENLOMND 345 {6501},0.0673,0.0062,99999,3,,BORAH    345 {6103},BENLOMND 345 {6501},,,,,,,
BORAH    345 ~ BENLOMND 345 # 2,BORAH    345 {6103},BENLOMND 345 {6501},0.0673,0.0062,99999,3,,BORAH    345 {6103},BENLOMND 345 {6501},,,,,,,
BORAH    345 ~ BORAH    230 # 1,BORAH    345 {6103},BORAH    230 {6104},0.0181,0.0003,99999,,,BORAH    345 {6103},BORAH    230 {6104},,,,,,,
BORAH    345 ~ BRIDGER  345 # 1,BORAH    345 {6103},BRIDGER  345 {6301},0.0046,0,99999,3,,BORAH    345 {6103},BRIDGER  345 {6301},,,,,,,
BORAH    345 ~ BRIDGER  345 # 2,BORAH    345 {6103},BRIDGER  345 {6301},0.0046,0,99999,3,,BORAH    345 {6103},BRIDGER  345 {6301},,,,,,,
BRIDGER  345 ~ BRIDGER2 230 # 1,BRIDGER  345 {6301},BRIDGER2 230 {6303},0.0181,0.0003,99999,,,BRIDGER  345 {6301},BRIDGER2 230 {6303},,,,,,,
BRIDGER2 230 ~ BRIDGER  20 # 1,BRIDGER2 230 {6303},BRIDGER  20 {6333},0.0005,0,99999,,,BRIDGER2 230 {6303},BRIDGER  20 {6333},,,,,,,
BRIDGER2 230 ~ LARAMIE  230 # 1,BRIDGER2 230 {6303},LARAMIE  230 {6304},0.0965,0.0007,99999,,,BRIDGER2 230 {6303},LARAMIE  230 {6304},,,,,,,
BRIDGER2 230 ~ NAUGHTON 230 # 1,BRIDGER2 230 {6303},NAUGHTON 230 {6305},0.074,0.0007,99999,,,BRIDGER2 230 {6303},NAUGHTON 230 {6305},,,,,,,
BRIDGER2 230 ~ NAUGHTON 230 # 2,BRIDGER2 230 {6303},NAUGHTON 230 {6305},0.074,0.0007,99999,,,BRIDGER2 230 {6303},NAUGHTON 230 {6305},,,,,,,
BRIGHTON 230 ~ RIO OSO  230 # 1,BRIGHTON 230 {3908},RIO OSO  230 {3920},0.02886,0.00312,888,,,BRIGHTON 230 {3908},RIO OSO  230 {3920},,,,,,,
BURNS    500 ~ MIDPOINT 500 # 1,BURNS    500 {4003},MIDPOINT 500 {6101},0.02689,0.00264,1732,,,BURNS    500 {4003},MIDPOINT 500 {6101},,,,,,,
C.COSTA  230 ~ MORAGA   230 # 1,C.COSTA  230 {3201},MORAGA   230 {3202},0.0127,0.0011,1120,,,C.COSTA  230 {3201},MORAGA   230 {3202},,,,,,,
C.COSTA  230 ~ MORAGA   230 # 2,C.COSTA  230 {3201},MORAGA   230 {3202},0.0127,0.0011,1120,,,C.COSTA  230 {3201},MORAGA   230 {3202},,,,,,,
C.COSTA  230 ~ NEWARK   230 # 1,C.COSTA  230 {3201},NEWARK   230 {3203},0.0127,0.0011,1120,,,C.COSTA  230 {3201},NEWARK   230 {3203},,,,,,,
C.COSTA  230 ~ NEWARK   230 # 2,C.COSTA  230 {3201},NEWARK   230 {3203},0.0127,0.0011,1120,,,C.COSTA  230 {3201},NEWARK   230 {3203},,,,,,,
C.COSTA  230 ~ TESLA    230 # 1,C.COSTA  230 {3201},TESLA    230 {3923},0.02886,0.00312,888,,,C.COSTA  230 {3201},TESLA    230 {3923},,,,,,,
C.COSTA  230 ~ TESLA    230 # 2,C.COSTA  230 {3201},TESLA    230 {3923},0.02886,0.00312,888,,,C.COSTA  230 {3201},TESLA    230 {3923},,,,,,,
C.COSTA  230 ~ VACA-DIX 230 # 1,C.COSTA  230 {3201},VACA-DIX 230 {3924},0.0127,0.0011,1120,,,C.COSTA  230 {3201},VACA-DIX 230 {3924},,,,,,,
C.COSTA  230 ~ VACA-DIX 230 # 2,C.COSTA  230 {3201},VACA-DIX 230 {3924},0.0127,0.0011,1120,,,C.COSTA  230 {3201},VACA-DIX 230 {3924},,,,,,,
CA230TO  230 ~ CA230    230 # 1,CA230TO  230 {5003},CA230    230 {5004},0.02,0.002,99999,,,CA230TO  230 {5003},CA230    230 {5004},,,,,,,
CAMP WIL 345 ~ EMERY    345 # 1,CAMP WIL 345 {6502},EMERY    345 {6503},0.0602,0.0052,99999,,,CAMP WIL 345 {6502},EMERY    345 {6503},,,,,,,
CAMP WIL 345 ~ EMERY    345 # 2,CAMP WIL 345 {6502},EMERY    345 {6503},0.0537,0.0049,99999,,,CAMP WIL 345 {6502},EMERY    345 {6503},,,,,,,
CAMP WIL 345 ~ MONA     345 # 1,CAMP WIL 345 {6502},MONA     345 {6504},0.00225,0.0017,99999,,,CAMP WIL 345 {6502},MONA     345 {6504},,,,,,,
CAMP WIL 345 ~ MONA     345 # 2,CAMP WIL 345 {6502},MONA     345 {6504},0.00238,0.0021,99999,,,CAMP WIL 345 {6502},MONA     345 {6504},,,,,,,
CAMP WIL 345 ~ MONA     345 # 3,CAMP WIL 345 {6502},MONA     345 {6504},0.00225,0.0017,99999,,,CAMP WIL 345 {6502},MONA     345 {6504},,,,,,,
CAMP WIL 345 ~ MONA     345 # 4,CAMP WIL 345 {6502},MONA     345 {6504},0.00238,0.0021,99999,,,CAMP WIL 345 {6502},MONA     345 {6504},,,,,,,
CAMP WIL 345 ~ SPAN FRK 345 # 1,CAMP WIL 345 {6502},SPAN FRK 345 {6508},0.0172,0.0012,99999,,,CAMP WIL 345 {6502},SPAN FRK 345 {6508},,,,,,,
CAMP WIL 345 ~ TERMINAL 345 # 1,CAMP WIL 345 {6502},TERMINAL 345 {6509},0.00106,0.0008,99999,,,CAMP WIL 345 {6502},TERMINAL 345 {6509},,,,,,,
CAMP WIL 345 ~ TERMINAL 345 # 2,CAMP WIL 345 {6502},TERMINAL 345 {6509},0.00106,0.0008,99999,,,CAMP WIL 345 {6502},TERMINAL 345 {6509},,,,,,,
CANADA   500 ~ CANAD G1 20 # 1,CANADA   500 {5001},CANAD G1 20 {5031},0.0005,0,99999,,,CANADA   500 {5001},CANAD G1 20 {5031},,,,,,,
CANADA   500 ~ CANALB   500 # 1,CANADA   500 {5001},CANALB   500 {5002},0.07,0.0035,99999,,,CANADA   500 {5001},CANALB   500 {5002},,,,,,,
CANALB   500 ~ CA230TO  230 # 1,CANALB   500 {5002},CA230TO  230 {5003},0.01,0,99999,,,CANALB   500 {5002},CA230TO  230 {5003},,,,,,,
CANALB   500 ~ CMAIN GM 20 # 1,CANALB   500 {5002},CMAIN GM 20 {5032},0.0005,0,99999,,,CANALB   500 {5002},CMAIN GM 20 {5032},,,,,,,
CASTAIC  230 ~ CASTAI4G 20 # 1,CASTAIC  230 {2608},CASTAI4G 20 {2638},0.0005,0,99999,,,CASTAIC  230 {2608},CASTAI4G 20 {2638},,,,,,,
CASTAIC  230 ~ OLIVE    230 # 1,CASTAIC  230 {2608},OLIVE    230 {2611},0.03346,0.00221,99999,,,CASTAIC  230 {2608},OLIVE    230 {2611},,,,,,,
CASTAIC  230 ~ RINALDI  230 # 1,CASTAIC  230 {2608},RINALDI  230 {2612},0.038,0.0029,99999,,,CASTAIC  230 {2608},RINALDI  230 {2612},,,,,,,
CASTAIC  230 ~ STA J    230 # 1,CASTAIC  230 {2608},STA J    230 {2618},0.04677,0.00309,99999,,,CASTAIC  230 {2608},STA J    230 {2618},,,,,,,
CASTAIC  230 ~ SYLMARLA 230 # 1,CASTAIC  230 {2608},SYLMARLA 230 {2619},0.03422,0.00226,99999,,,CASTAIC  230 {2608},SYLMARLA 230 {2619},,,,,,,
CELILOCA 500 ~ CELILO   230 # 1,CELILOCA 500 {4007},CELILO   230 {4010},0.00221,0,2500,3,,CELILOCA 500 {4007},CELILO   230 {4010},,,,,,,
COLGATE  230 ~ PALERMO  230 # 1,COLGATE  230 {3909},PALERMO  230 {3919},0.02886,0.00312,888,,,COLGATE  230 {3909},PALERMO  230 {3919},,,,,,,
COLGATE  230 ~ RIO OSO  230 # 1,COLGATE  230 {3909},RIO OSO  230 {3920},0.02886,0.00312,888,,,COLGATE  230 {3909},RIO OSO  230 {3920},,,,,,,
COLOEAST 345 ~ COLOEAST 20 # 1,COLOEAST 345 {7001},COLOEAST 20 {7031},0.0005,0,99999,,,COLOEAST 345 {7001},COLOEAST 20 {7031},,,,,,,
COLOEAST 345 ~ CRAIG    345 # 1,COLOEAST 345 {7001},CRAIG    345 {7002},0.00238,0.0021,99999,,,COLOEAST 345 {7001},CRAIG    345 {7002},,,,,,,
COLSTRP  230 ~ BRIDGER2 230 # 1,COLSTRP  230 {6203},BRIDGER2 230 {6303},0.074,0.0007,99999,,,COLSTRP  230 {6203},BRIDGER2 230 {6303},,,,,,,
COLSTRP  230 ~ BRIDGER2 230 # 2,COLSTRP  230 {6203},BRIDGER2 230 {6303},0.074,0.0007,99999,,,COLSTRP  230 {6203},BRIDGER2 230 {6303},,,,,,,
COLSTRP  230 ~ LARAMIE  230 # 1,COLSTRP  230 {6203},LARAMIE  230 {6304},0.074,0.0007,99999,,,COLSTRP  230 {6203},LARAMIE  230 {6304},,,,,,,
COLSTRP  230 ~ MONTANA  230 # 1,COLSTRP  230 {6203},MONTANA  230 {6205},0.074,0.0007,99999,,,COLSTRP  230 {6203},MONTANA  230 {6205},,,,,,,
COLSTRP  500 ~ COLSTRP  20 # 1,COLSTRP  500 {6201},COLSTRP  20 {6231},0.0005,0,99999,,,COLSTRP  500 {6201},COLSTRP  20 {6231},,,,,,,
COLSTRP  500 ~ COLSTRP  230 # 1,COLSTRP  500 {6201},COLSTRP  230 {6203},0.0181,0.0003,99999,,,COLSTRP  500 {6201},COLSTRP  230 {6203},,,,,,,
COLSTRP  500 ~ GARRISON 500 # 1,COLSTRP  500 {6201},GARRISON 500 {6202},0.01405,0.00179,99999,,,COLSTRP  500 {6201},GARRISON 500 {6202},,,,,,,
CORONADO 500 ~ CHOLLA   345 # 1,CORONADO 500 {1101},CHOLLA   345 {1102},0.0146,0,99999,,,CORONADO 500 {1101},CHOLLA   345 {1102},,,,,,,
CORONADO 500 ~ CHOLLA   345 # 2,CORONADO 500 {1101},CHOLLA   345 {1102},0.0146,0,99999,,,CORONADO 500 {1101},CHOLLA   345 {1102},,,,,,,
CORONADO 500 ~ CORONADO 20 # 1,CORONADO 500 {1101},CORONADO 20 {1131},0.0005,0,99999,,,CORONADO 500 {1101},CORONADO 20 {1131},,,,,,,
CORONADO 500 ~ PALOVRDE 500 # 1,CORONADO 500 {1101},PALOVRDE 500 {1401},0.0211,0.0028,99999,,,CORONADO 500 {1101},PALOVRDE 500 {1401},,,,,,,
CORONADO 500 ~ PALOVRDE 500 # 2,CORONADO 500 {1101},PALOVRDE 500 {1401},0.0211,0.0028,99999,,,CORONADO 500 {1101},PALOVRDE 500 {1401},,,,,,,
CORTINA  230 ~ COTWDPGE 230 # 1,CORTINA  230 {3910},COTWDPGE 230 {3911},0.16938,0.02482,838,,,CORTINA  230 {3910},COTWDPGE 230 {3911},,,,,,,
CORTINA  230 ~ VACA-DIX 230 # 1,CORTINA  230 {3910},VACA-DIX 230 {3924},0.10101,0.0148,838,,,CORTINA  230 {3910},VACA-DIX 230 {3924},,,,,,,
COTWDPGE 230 ~ COTWDPGE 115 # 1,COTWDPGE 230 {3911},COTWDPGE 115 {3925},0.0299,0.00089,888,,,COTWDPGE 230 {3911},COTWDPGE 115 {3925},,,,,,,
COTWDPGE 230 ~ COTWDWAP 230 # 1,COTWDPGE 230 {3911},COTWDWAP 230 {8003},0.09268,0.01382,99999,3,,COTWDPGE 230 {3911},COTWDWAP 230 {8003},,,,,,,
COTWDPGE 230 ~ COTWDWAP 230 # 2,COTWDPGE 230 {3911},COTWDWAP 230 {8003},0.09268,0.01382,99999,3,,COTWDPGE 230 {3911},COTWDWAP 230 {8003},,,,,,,
COTWDPGE 230 ~ GLENN    230 # 1,COTWDPGE 230 {3911},GLENN    230 {3912},0.09268,0.01382,747,,,COTWDPGE 230 {3911},GLENN    230 {3912},,,,,,,
COTWDPGE 230 ~ LOGAN CR 230 # 1,COTWDPGE 230 {3911},LOGAN CR 230 {3916},0.11381,0.01668,838,,,COTWDPGE 230 {3911},LOGAN CR 230 {3916},,,,,,,
COTWDPGE 230 ~ ROUND MT 230 # 1,COTWDPGE 230 {3911},ROUND MT 230 {3921},0.06678,0.01113,752,,,COTWDPGE 230 {3911},ROUND MT 230 {3921},,,,,,,
COTWDPGE 230 ~ ROUND MT 230 # 2,COTWDPGE 230 {3911},ROUND MT 230 {3921},0.0654,0.0105,602,,,COTWDPGE 230 {3911},ROUND MT 230 {3921},,,,,,,
COTWDPGE 230 ~ ROUND MT 230 # 3,COTWDPGE 230 {3911},ROUND MT 230 {3921},0.06642,0.01105,752,,,COTWDPGE 230 {3911},ROUND MT 230 {3921},,,,,,,
COTWDPGE 230 ~ VACA-DIX 230 # 1,COTWDPGE 230 {3911},VACA-DIX 230 {3924},0.27403,0.03903,747,,,COTWDPGE 230 {3911},VACA-DIX 230 {3924},,,,,,,
COTWDWAP 230 ~ COTWDWAP 20 # 1,COTWDWAP 230 {8003},COTWDWAP 20 {8033},0.0005,0,99999,,,COTWDWAP 230 {8003},COTWDWAP 20 {8033},,,,,,,
COTWDWAP 230 ~ RNCHSECO 230 # 1,COTWDWAP 230 {8003},RNCHSECO 230 {8004},0.13702,0.01952,99999,,,COTWDWAP 230 {8003},RNCHSECO 230 {8004},,,,,,,
COTWDWAP 230 ~ TRACYPMP 230 # 1,COTWDWAP 230 {8003},TRACYPMP 230 {8005},0.27403,0.03903,99999,,,COTWDWAP 230 {8003},TRACYPMP 230 {8005},,,,,,,
COTWDWAP 230 ~ TRACYPMP 230 # 2,COTWDWAP 230 {8003},TRACYPMP 230 {8005},0.27403,0.03903,99999,,,COTWDWAP 230 {8003},TRACYPMP 230 {8005},,,,,,,
COULEE   500 ~ BELL     500 # 1,COULEE   500 {4101},BELL     500 {4103},0.074,0.0007,99999,,,COULEE   500 {4101},BELL     500 {4103},,,,,,,
COULEE   500 ~ BELL     500 # 2,COULEE   500 {4101},BELL     500 {4103},0.02,0.002,99999,,,COULEE   500 {4101},BELL     500 {4103},,,,,,,
COULEE   500 ~ COULEE   20 # 1,COULEE   500 {4101},COULEE   20 {4131},0.0005,0,99999,,,COULEE   500 {4101},COULEE   20 {4131},,,,,,,
COULEE   500 ~ HANFORD  500 # 1,COULEE   500 {4101},HANFORD  500 {4102},0.02069,0.00113,99999,,,COULEE   500 {4101},HANFORD  500 {4102},,,,,,,
COULEE   500 ~ HANFORD  500 # 2,COULEE   500 {4101},HANFORD  500 {4102},0.02069,0.00113,99999,,,COULEE   500 {4101},HANFORD  500 {4102},,,,,,,
COULEE   500 ~ NORTH    500 # 1,COULEE   500 {4101},NORTH    500 {4201},0.0082,0.0002,99999,,,COULEE   500 {4101},NORTH    500 {4201},,,,,,,
COULEE   500 ~ NORTH    500 # 2,COULEE   500 {4101},NORTH    500 {4201},0.0082,0.0002,99999,,,COULEE   500 {4101},NORTH    500 {4201},,,,,,,
CRAIG    345 ~ CRAIG    20 # 1,CRAIG    345 {7002},CRAIG    20 {7032},0.0005,0,99999,,,CRAIG    345 {7002},CRAIG    20 {7032},,,,,,,
DEVERS   500 ~ VALLEY   500 # 1,DEVERS   500 {2400},VALLEY   500 {2403},0.00905,0.00042,3600,,,DEVERS   500 {2400},VALLEY   500 {2403},,,,,,,
DIABLO   500 ~ DIABLO1  20 # 1,DIABLO   500 {3801},DIABLO1  20 {3831},0.0005,0,99999,,,DIABLO   500 {3801},DIABLO1  20 {3831},,,,,,,
DIABLO   500 ~ GATES    500 # 1,DIABLO   500 {3801},GATES    500 {3802},0.01937,0.00079,99999,,,DIABLO   500 {3801},GATES    500 {3802},,,,,,,
DIABLO   500 ~ MIDWAY   500 # 1,DIABLO   500 {3801},MIDWAY   500 {3803},0.02087,0.00087,99999,,,DIABLO   500 {3801},MIDWAY   500 {3803},,,,,,,
DIABLO   500 ~ MIDWAY   500 # 2,DIABLO   500 {3801},MIDWAY   500 {3803},0.02087,0.00087,99999,,,DIABLO   500 {3801},MIDWAY   500 {3803},,,,,,,
EAGLROCK 230 ~ MESA CAL 230 # 1,EAGLROCK 230 {2406},MESA CAL 230 {2408},0.0258,0.0019,2320,,,EAGLROCK 230 {2406},MESA CAL 230 {2408},,,,,,,
EAGLROCK 230 ~ PARDEE   230 # 1,EAGLROCK 230 {2406},PARDEE   230 {2410},0.07034,0.00845,1160,,,EAGLROCK 230 {2406},PARDEE   230 {2410},,,,,,,
ELDORADO 500 ~ MOHAVE   500 # 1,ELDORADO 500 {2901},MOHAVE   500 {2902},0.01415,0.00056,3600,,,ELDORADO 500 {2901},MOHAVE   500 {2902},,,,,,,
EMBRCDRD 230 ~ MARTIN   230 # 1,EMBRCDRD 230 {3101},MARTIN   230 {3102},0.0127,0.0011,1120,,,EMBRCDRD 230 {3101},MARTIN   230 {3102},,,,,,,
EMBRCDRD 230 ~ MARTIN   230 # 2,EMBRCDRD 230 {3101},MARTIN   230 {3102},0.0127,0.0011,1120,,,EMBRCDRD 230 {3101},MARTIN   230 {3102},,,,,,,
EMERY    345 ~ EMERY    20 # 1,EMERY    345 {6503},EMERY    20 {6533},0.0005,0,99999,,,EMERY    345 {6503},EMERY    20 {6533},,,,,,,
EMERY    345 ~ MONA     345 # 1,EMERY    345 {6503},MONA     345 {6504},0.0349,0.0032,99999,,,EMERY    345 {6503},MONA     345 {6504},,,,,,,
EMERY    345 ~ PINTO    345 # 1,EMERY    345 {6503},PINTO    345 {6505},0.0878,0.0096,99999,,,EMERY    345 {6503},PINTO    345 {6505},,,,,,,
EMERY    345 ~ SIGURD   345 # 1,EMERY    345 {6503},SIGURD   345 {6507},0.0374,0.0034,99999,,,EMERY    345 {6503},SIGURD   345 {6507},,,,,,,
EMERY    345 ~ SIGURD   345 # 2,EMERY    345 {6503},SIGURD   345 {6507},0.0372,0.0034,99999,,,EMERY    345 {6503},SIGURD   345 {6507},,,,,,,
EMERY    345 ~ SPAN FRK 345 # 1,EMERY    345 {6503},SPAN FRK 345 {6508},0.0392,0.0034,99999,,,EMERY    345 {6503},SPAN FRK 345 {6508},,,,,,,
FOURCORN 345 ~ CHOLLA   345 # 1,FOURCORN 345 {1002},CHOLLA   345 {1102},0.01988,0.00179,99999,,,FOURCORN 345 {1002},CHOLLA   345 {1102},,,,,,,
FOURCORN 345 ~ CHOLLA   345 # 2,FOURCORN 345 {1002},CHOLLA   345 {1102},0.01988,0.00179,99999,,,FOURCORN 345 {1002},CHOLLA   345 {1102},,,,,,,
FOURCORN 345 ~ FCNGN4CC 20 # 1,FOURCORN 345 {1002},FCNGN4CC 20 {1032},0.0005,0,3000,,,FOURCORN 345 {1002},FCNGN4CC 20 {1032},,,,,,,
FOURCORN 345 ~ FOURCORN 230 # 1,FOURCORN 345 {1002},FOURCORN 230 {1003},0.0138,0.00028,430,,,FOURCORN 345 {1002},FOURCORN 230 {1003},,,,,,,
FOURCORN 345 ~ FOURCORN 230 # 2,FOURCORN 345 {1002},FOURCORN 230 {1003},0.0139,0.00029,430,,,FOURCORN 345 {1002},FOURCORN 230 {1003},,,,,,,
FOURCORN 345 ~ PINTO PS 345 # 1,FOURCORN 345 {1002},PINTO PS 345 {6506},0.0436,0.0048,99999,,,FOURCORN 345 {1002},PINTO PS 345 {6506},,,,,,,
FOURCORN 345 ~ SAN JUAN 345 # 1,FOURCORN 345 {1002},SAN JUAN 345 {1004},0.0053,0.0005,99999,,,FOURCORN 345 {1002},SAN JUAN 345 {1004},,,,,,,
FOURCORN 500 ~ FOURCORN 345 # 1,FOURCORN 500 {1001},FOURCORN 345 {1002},0.011,0,99999,,,FOURCORN 500 {1001},FOURCORN 345 {1002},,,,,,,
FOURCORN 500 ~ FOURCORN 345 # 2,FOURCORN 500 {1001},FOURCORN 345 {1002},0.011,0,99999,,,FOURCORN 500 {1001},FOURCORN 345 {1002},,,,,,,
FOURCORN 500 ~ MOENKOPI 500 # 1,FOURCORN 500 {1001},MOENKOPI 500 {1201},0.03169,0.00177,99999,,,FOURCORN 500 {1001},MOENKOPI 500 {1201},,,,,,,
FOURCORN 500 ~ NAVAJO   500 # 9,FOURCORN 500 {1001},NAVAJO   500 {1202},0.0965,0.0108,99999,,,FOURCORN 500 {1001},NAVAJO   500 {1202},,,,,,,
FULTON   230 ~ FULTON   20 # 1,FULTON   230 {3501},FULTON   20 {3531},0.0005,0,99999,,,FULTON   230 {3501},FULTON   20 {3531},,,,,,,
FULTON   230 ~ IGNACIO  230 # 1,FULTON   230 {3501},IGNACIO  230 {3914},0.02886,0.00312,888,,,FULTON   230 {3501},IGNACIO  230 {3914},,,,,,,
FULTON   230 ~ LAKEVILE 230 # 1,FULTON   230 {3501},LAKEVILE 230 {3915},0.02886,0.00312,888,,,FULTON   230 {3501},LAKEVILE 230 {3915},,,,,,,
GARRISON 230 ~ MONTANA  230 # 1,GARRISON 230 {6204},MONTANA  230 {6205},0.0965,0.0108,99999,,,GARRISON 230 {6204},MONTANA  230 {6205},,,,,,,
GARRISON 500 ~ GARRISON 230 # 1,GARRISON 500 {6202},GARRISON 230 {6204},0.0181,0.0003,99999,,,GARRISON 500 {6202},GARRISON 230 {6204},,,,,,,
GATES    230 ~ MORROBAY 230 # 1,GATES    230 {3804},MORROBAY 230 {3806},0.02886,0.00312,888,,,GATES    230 {3804},MORROBAY 230 {3806},,,,,,,
GATES    500 ~ GATES    230 # 1,GATES    500 {3802},GATES    230 {3804},0.0174,0.0003,840,,,GATES    500 {3802},GATES    230 {3804},,,,,,,
GATES    500 ~ GATES1   500 # 1,GATES    500 {3802},GATES1   500 {3891},0.016,0.00072,2450,,,GATES    500 {3802},GATES1   500 {3891},,,,,,,
GATES    500 ~ LOSBANOS 500 # 1,GATES    500 {3802},LOSBANOS 500 {3901},0.01985,0.00083,2450,,,GATES    500 {3802},LOSBANOS 500 {3901},,,,,,,
GLENDAL  230 ~ STA E    230 # 1,GLENDAL  230 {2609},STA E    230 {2615},0.00723,0.00047,99999,,,GLENDAL  230 {2609},STA E    230 {2615},,,,,,,
GLENDAL  230 ~ STA G    230 # 1,GLENDAL  230 {2609},STA G    230 {2617},0.00536,0.00035,99999,,,GLENDAL  230 {2609},STA G    230 {2617},,,,,,,
GLENN    230 ~ VACA-DIX 230 # 1,GLENN    230 {3912},VACA-DIX 230 {3924},0.2046,0.03058,747,,,GLENN    230 {3912},VACA-DIX 230 {3924},,,,,,,
GOLDHILL 230 ~ RIO OSO  230 # 1,GOLDHILL 230 {3913},RIO OSO  230 {3920},0.02886,0.00312,888,,,GOLDHILL 230 {3913},RIO OSO  230 {3920},,,,,,,
GOLDHILL 230 ~ RIO OSO  230 # 2,GOLDHILL 230 {3913},RIO OSO  230 {3920},0.02886,0.00312,99999,,,GOLDHILL 230 {3913},RIO OSO  230 {3920},,,,,,,
GOLDHILL 230 ~ RNCHSECO 230 # 1,GOLDHILL 230 {3913},RNCHSECO 230 {8004},0.09268,0.01382,99999,3,,GOLDHILL 230 {3913},RNCHSECO 230 {8004},,,,,,,
GOLDHILL 230 ~ TESLA    230 # 1,GOLDHILL 230 {3913},TESLA    230 {3923},0.02886,0.00312,888,,,GOLDHILL 230 {3913},TESLA    230 {3923},,,,,,,
GONDER   345 ~ SIGURD   345 # 1,GONDER   345 {6404},SIGURD   345 {6507},0.0965,0.0108,99999,3,,GONDER   345 {6404},SIGURD   345 {6507},,,,,,,
GREGG    230 ~ GATES    230 # 1,GREGG    230 {3401},GATES    230 {3804},0.02886,0.00312,888,,,GREGG    230 {3401},GATES    230 {3804},,,,,,,
GREGG    230 ~ HELMS PP 230 # 1,GREGG    230 {3401},HELMS PP 230 {3402},0.02886,0.00312,888,,,GREGG    230 {3401},HELMS PP 230 {3402},,,,,,,
GREGG    230 ~ HELMS PP 230 # 2,GREGG    230 {3401},HELMS PP 230 {3402},0.02886,0.00312,888,,,GREGG    230 {3401},HELMS PP 230 {3402},,,,,,,
GREGG    230 ~ PANOCHE  230 # 1,GREGG    230 {3401},PANOCHE  230 {3404},0.02886,0.00312,888,,,GREGG    230 {3401},PANOCHE  230 {3404},,,,,,,
GREGG    230 ~ WILSON   230 # 1,GREGG    230 {3401},WILSON   230 {3405},0.02886,0.00312,888,,,GREGG    230 {3401},WILSON   230 {3405},,,,,,,
GREGG    230 ~ WILSON   230 # 2,GREGG    230 {3401},WILSON   230 {3405},0.02886,0.00312,888,,,GREGG    230 {3401},WILSON   230 {3405},,,,,,,
GRIZZLY  500 ~ GRIZZLY1 500 # 1,GRIZZLY  500 {4004},GRIZZLY1 500 {4091},0.00737,0.00041,3450,,,GRIZZLY  500 {4004},GRIZZLY1 500 {4091},,,,,,,
GRIZZLY  500 ~ GRIZZLY2 500 # 1,GRIZZLY  500 {4004},GRIZZLY2 500 {4092},0.01266,0.00066,99999,,,GRIZZLY  500 {4004},GRIZZLY2 500 {4092},,,,,,,
GRIZZLY  500 ~ GRIZZLY5 500 # 1,GRIZZLY  500 {4004},GRIZZLY5 500 {4095},0.01266,0.00066,99999,,,GRIZZLY  500 {4004},GRIZZLY5 500 {4095},,,,,,,
GRIZZLY  500 ~ JOHN DAY 500 # 1,GRIZZLY  500 {4004},JOHN DAY 500 {4005},0.01412,0.00063,3450,,,GRIZZLY  500 {4004},JOHN DAY 500 {4005},,,,,,,
GRIZZLY  500 ~ JOHN DAY 500 # 2,GRIZZLY  500 {4004},JOHN DAY 500 {4005},0.02408,0.00109,3020,,,GRIZZLY  500 {4004},JOHN DAY 500 {4005},,,,,,,
GRIZZLY  500 ~ JOHN DAY 500 # 3,GRIZZLY  500 {4004},JOHN DAY 500 {4005},0.02409,0.00108,3020,,,GRIZZLY  500 {4004},JOHN DAY 500 {4005},,,,,,,
GRIZZLY2 500 ~ GRIZZLY3 500 # 1,GRIZZLY2 500 {4092},GRIZZLY3 500 {4093},0.00165,0,99999,,,GRIZZLY2 500 {4092},GRIZZLY3 500 {4093},,,,,,,
GRIZZLY3 500 ~ GRIZZLY4 500 # 1,GRIZZLY3 500 {4093},GRIZZLY4 500 {4094},-0.01263,0,2400,,,GRIZZLY3 500 {4093},GRIZZLY4 500 {4094},,,,,,,
GRIZZLY5 500 ~ GRIZZLY6 500 # 1,GRIZZLY5 500 {4095},GRIZZLY6 500 {4096},0.00165,0,2400,,,GRIZZLY5 500 {4095},GRIZZLY6 500 {4096},,,,,,,
GRIZZLY6 500 ~ GRIZZLY7 500 # 1,GRIZZLY6 500 {4096},GRIZZLY7 500 {4097},-0.01263,0,99999,,,GRIZZLY6 500 {4096},GRIZZLY7 500 {4097},,,,,,,
H ALLEN  345 ~ H ALLEN  20 # 1,H ALLEN  345 {1303},H ALLEN  20 {1333},0.0005,0,99999,,,H ALLEN  345 {1303},H ALLEN  20 {1333},,,,,,,
H ALLEN  345 ~ SIGURD   345 # 1,H ALLEN  345 {1303},SIGURD   345 {6507},0.1369,0.00811,99999,,,H ALLEN  345 {1303},SIGURD   345 {6507},,,,,,,
H ALLEN  500 ~ H ALLEN  345 # 1,H ALLEN  500 {1302},H ALLEN  345 {1303},0.0072,0,99999,,,H ALLEN  500 {1302},H ALLEN  345 {1303},,,,,,,
HANFORD  500 ~ GARRISON 500 # 1,HANFORD  500 {4102},GARRISON 500 {6202},0.02258,0.00142,99999,3,,HANFORD  500 {4102},GARRISON 500 {6202},,,,,,,
HANFORD  500 ~ HANFORD  20 # 1,HANFORD  500 {4102},HANFORD  20 {4132},0.0005,0,99999,,,HANFORD  500 {4102},HANFORD  20 {4132},,,,,,,
HANFORD  500 ~ NORTH    500 # 1,HANFORD  500 {4102},NORTH    500 {4201},0.0082,0.0002,99999,,,HANFORD  500 {4102},NORTH    500 {4201},,,,,,,
HANFORD  500 ~ NORTH    500 # 2,HANFORD  500 {4102},NORTH    500 {4201},0.0082,0.0002,99999,,,HANFORD  500 {4102},NORTH    500 {4201},,,,,,,
HANFORD  500 ~ WCASCADE 500 # 1,HANFORD  500 {4102},WCASCADE 500 {4202},0.0082,0.0002,99999,,,HANFORD  500 {4102},WCASCADE 500 {4202},,,,,,,
HANFORD  500 ~ WCASCADE 500 # 2,HANFORD  500 {4102},WCASCADE 500 {4202},0.0082,0.0002,99999,,,HANFORD  500 {4102},WCASCADE 500 {4202},,,,,,,
HAYNES   230 ~ HAYNES3G 20 # 1,HAYNES   230 {2610},HAYNES3G 20 {2630},0.0005,0,99999,,,HAYNES   230 {2610},HAYNES3G 20 {2630},,,,,,,
HAYNES   230 ~ RIVER    230 # 1,HAYNES   230 {2610},RIVER    230 {2613},0.03422,0.0022,99999,,,HAYNES   230 {2610},RIVER    230 {2613},,,,,,,
HAYNES   230 ~ RIVER    230 # 2,HAYNES   230 {2610},RIVER    230 {2613},0.03669,0.00238,99999,,,HAYNES   230 {2610},RIVER    230 {2613},,,,,,,
HAYNES   230 ~ STA F    230 # 1,HAYNES   230 {2610},STA F    230 {2616},0.03074,0.00201,99999,,,HAYNES   230 {2610},STA F    230 {2616},,,,,,,
HAYNES   230 ~ STA G    230 # 1,HAYNES   230 {2610},STA G    230 {2617},0.04296,0.00281,99999,,,HAYNES   230 {2610},STA G    230 {2617},,,,,,,
HELMS PP 230 ~ HELMS PP 20 # 1,HELMS PP 230 {3402},HELMS PP 20 {3432},0.0005,0,99999,,,HELMS PP 230 {3402},HELMS PP 20 {3432},,,,,,,
HUMBOLDT 115 ~ COTWDPGE 115 # 1,HUMBOLDT 115 {3601},COTWDPGE 115 {3925},0.02886,0.00312,250,,,HUMBOLDT 115 {3601},COTWDPGE 115 {3925},,,,,,,
HUMBOLDT 115 ~ HUMBOLDT 20 # 1,HUMBOLDT 115 {3601},HUMBOLDT 20 {3631},0.0005,0,99999,,,HUMBOLDT 115 {3601},HUMBOLDT 20 {3631},,,,,,,
IMPERIAL 230 ~ DEVERS   500 # 1,IMPERIAL 230 {2100},DEVERS   500 {2400},0.0138,0.00028,99999,3,,IMPERIAL 230 {2100},DEVERS   500 {2400},,,,,,,
IMPERIAL 230 ~ IMPERIAL 20 # 1,IMPERIAL 230 {2100},IMPERIAL 20 {2130},0.0005,0,99999,,,IMPERIAL 230 {2100},IMPERIAL 20 {2130},,,,,,,
IMPERIAL 230 ~ IMPRLVLY 230 # 1,IMPERIAL 230 {2100},IMPRLVLY 230 {2302},0.07034,0.00845,99999,3,,IMPERIAL 230 {2100},IMPRLVLY 230 {2302},,,,,,,
IMPRLVLY 230 ~ IMPRLVLY 20 # 1,IMPRLVLY 230 {2302},IMPRLVLY 20 {2332},0.0005,0,99999,,,IMPRLVLY 230 {2302},IMPRLVLY 20 {2332},,,,,,,
IMPRLVLY 500 ~ IMPRLVLY 230 # 1,IMPRLVLY 500 {2301},IMPRLVLY 230 {2302},0.005,0,99999,,,IMPRLVLY 500 {2301},IMPRLVLY 230 {2302},,,,,,,
IMPRLVLY 500 ~ IMPRLVLY 230 # 2,IMPRLVLY 500 {2301},IMPRLVLY 230 {2302},0.005,0,99999,,,IMPRLVLY 500 {2301},IMPRLVLY 230 {2302},,,,,,,
INTERMT  345 ~ GONDER   345 # 1,INTERMT  345 {2604},GONDER   345 {6404},0.0965,0.0108,99999,3,,INTERMT  345 {2604},GONDER   345 {6404},,,,,,,
INTERMT  345 ~ INTERM1G 20 # 1,INTERMT  345 {2604},INTERM1G 20 {2634},0.0005,0,99999,,,INTERMT  345 {2604},INTERM1G 20 {2634},,,,,,,
INTERMT  345 ~ MONA     345 # 1,INTERMT  345 {2604},MONA     345 {6504},0.0245,0.0018,99999,3,,INTERMT  345 {2604},MONA     345 {6504},,,,,,,
INTERMT  345 ~ MONA     345 # 2,INTERMT  345 {2604},MONA     345 {6504},0.0245,0.0018,99999,3,,INTERMT  345 {2604},MONA     345 {6504},,,,,,,
JEFFERSN 230 ~ MONTAVIS 230 # 1,JEFFERSN 230 {3302},MONTAVIS 230 {3304},0.0127,0.0011,1120,,,JEFFERSN 230 {3302},MONTAVIS 230 {3304},,,,,,,
JEFFERSN 230 ~ MONTAVIS 230 # 2,JEFFERSN 230 {3302},MONTAVIS 230 {3304},0.0127,0.0011,1120,,,JEFFERSN 230 {3302},MONTAVIS 230 {3304},,,,,,,
JOHN DAY 500 ~ BIG EDDY 500 # 1,JOHN DAY 500 {4005},BIG EDDY 500 {4006},0.00451,0.00023,2175,,,JOHN DAY 500 {4005},BIG EDDY 500 {4006},,,,,,,
JOHN DAY 500 ~ BIG EDDY 500 # 2,JOHN DAY 500 {4005},BIG EDDY 500 {4006},0.00446,0.0002,2175,,,JOHN DAY 500 {4005},BIG EDDY 500 {4006},,,,,,,
JOHN DAY 500 ~ GARRISON 500 # 1,JOHN DAY 500 {4005},GARRISON 500 {6202},0.03304,0.00196,99999,3,,JOHN DAY 500 {4005},GARRISON 500 {6202},,,,,,,
JOHN DAY 500 ~ HANFORD  500 # 1,JOHN DAY 500 {4005},HANFORD  500 {4102},0.02316,0.0012,99999,,,JOHN DAY 500 {4005},HANFORD  500 {4102},,,,,,,
JOHN DAY 500 ~ HANFORD  500 # 2,JOHN DAY 500 {4005},HANFORD  500 {4102},0.02,0.0003,99999,,,JOHN DAY 500 {4005},HANFORD  500 {4102},,,,,,,
JOHN DAY 500 ~ JOHN DAY 20 # 1,JOHN DAY 500 {4005},JOHN DAY 20 {4035},0.0005,0,5000,,,JOHN DAY 500 {4005},JOHN DAY 20 {4035},,,,,,,
JOHN DAY 500 ~ WCASCADE 500 # 1,JOHN DAY 500 {4005},WCASCADE 500 {4202},0.0082,0.0002,99999,,,JOHN DAY 500 {4005},WCASCADE 500 {4202},,,,,,,
LAKEVILE 230 ~ VACA-DIX 230 # 1,LAKEVILE 230 {3915},VACA-DIX 230 {3924},0.02886,0.00312,888,,,LAKEVILE 230 {3915},VACA-DIX 230 {3924},,,,,,,
LARAMIE  345 ~ COLOEAST 345 # 1,LARAMIE  345 {6302},COLOEAST 345 {7001},0.0046,0,99999,,,LARAMIE  345 {6302},COLOEAST 345 {7001},,,,,,,
LARAMIE  345 ~ LARAMIE  230 # 1,LARAMIE  345 {6302},LARAMIE  230 {6304},0.0181,0.0003,99999,,,LARAMIE  345 {6302},LARAMIE  230 {6304},,,,,,,
LITEHIPE 230 ~ MESA CAL 230 # 1,LITEHIPE 230 {2407},MESA CAL 230 {2408},0.0127,0.0011,2320,,,LITEHIPE 230 {2407},MESA CAL 230 {2408},,,,,,,
LOGAN CR 230 ~ VACA-DIX 230 # 1,LOGAN CR 230 {3916},VACA-DIX 230 {3924},0.16106,0.02235,838,,,LOGAN CR 230 {3916},VACA-DIX 230 {3924},,,,,,,
LOSBANOS 500 ~ LOSBANOS 230 # 1,LOSBANOS 500 {3901},LOSBANOS 230 {3917},0.0174,0.0003,840,,,LOSBANOS 500 {3901},LOSBANOS 230 {3917},,,,,,,
LOSBANOS 500 ~ MOSSLAND 500 # 1,LOSBANOS 500 {3901},MOSSLAND 500 {3902},0.01297,0.00053,2450,,,LOSBANOS 500 {3901},MOSSLAND 500 {3902},,,,,,,
LOSBANOS 500 ~ TESLA    500 # 1,LOSBANOS 500 {3901},TESLA    500 {3903},0.03644,0.00093,2450,,,LOSBANOS 500 {3901},TESLA    500 {3903},,,,,,,
LOSBANOS 500 ~ TRACY    500 # 1,LOSBANOS 500 {3901},TRACY    500 {8002},-0.01331,0.00002,1800,,,LOSBANOS 500 {3901},TRACY    500 {8002},,,,,,,
LUGO     500 ~ ELDORADO 500 # 1,LUGO     500 {2401},ELDORADO 500 {2901},0.02779,0.00193,3600,,,LUGO     500 {2401},ELDORADO 500 {2901},,,,,,,
LUGO     500 ~ MIRALOMA 500 # 1,LUGO     500 {2401},MIRALOMA 500 {2402},0.00753,0.00028,3600,,,LUGO     500 {2401},MIRALOMA 500 {2402},,,,,,,
LUGO     500 ~ MIRALOMA 500 # 2,LUGO     500 {2401},MIRALOMA 500 {2402},0.0075,0.00035,3600,,,LUGO     500 {2401},MIRALOMA 500 {2402},,,,,,,
LUGO     500 ~ MOHAVE   500 # 1,LUGO     500 {2401},MOHAVE   500 {2902},0.031,0.0019,3600,,,LUGO     500 {2401},MOHAVE   500 {2902},,,,,,,
LUGO     500 ~ SERRANO  500 # 1,LUGO     500 {2401},SERRANO  500 {2501},0.0128,0.0006,3600,,,LUGO     500 {2401},SERRANO  500 {2501},,,,,,,
LUGO     500 ~ VICTORVL 500 # 1,LUGO     500 {2401},VICTORVL 500 {2603},0.0041,0.0002,99999,3,,LUGO     500 {2401},VICTORVL 500 {2603},,,,,,,
LUGO     500 ~ VINCENT  500 # 1,LUGO     500 {2401},VINCENT  500 {2404},0.01125,0.00044,3600,,,LUGO     500 {2401},VINCENT  500 {2404},,,,,,,
LUGO     500 ~ VINCENT  500 # 2,LUGO     500 {2401},VINCENT  500 {2404},0.01125,0.00044,3600,,,LUGO     500 {2401},VINCENT  500 {2404},,,,,,,
MALIN    345 ~ TRACYSPP 345 # 1,MALIN    345 {4008},TRACYSPP 345 {6401},0.0673,0.0062,99999,,,MALIN    345 {4008},TRACYSPP 345 {6401},,,,,,,
MALIN    500 ~ GRIZZLY4 500 # 1,MALIN    500 {4001},GRIZZLY4 500 {4094},0.01502,0.00078,3020,,,MALIN    500 {4001},GRIZZLY4 500 {4094},,,,,,,
MALIN    500 ~ GRIZZLY7 500 # 1,MALIN    500 {4001},GRIZZLY7 500 {4097},0.01413,0.00074,3020,,,MALIN    500 {4001},GRIZZLY7 500 {4097},,,,,,,
MALIN    500 ~ MALIN    20 # 1,MALIN    500 {4001},MALIN    20 {4031},0.0005,0,99999,,,MALIN    500 {4001},MALIN    20 {4031},,,,,,,
MALIN    500 ~ MALIN    345 # 1,MALIN    500 {4001},MALIN    345 {4008},0.0072,0,99999,,,MALIN    500 {4001},MALIN    345 {4008},,,,,,,
MALIN    500 ~ MALIN1   500 # 1,MALIN    500 {4001},MALIN1   500 {4090},0.01382,0.00072,3600,,,MALIN    500 {4001},MALIN1   500 {4090},,,,,,,
MALIN    500 ~ MERIDIAN 500 # 1,MALIN    500 {4001},MERIDIAN 500 {4204},0.00239,0.00078,99999,,,MALIN    500 {4001},MERIDIAN 500 {4204},,,,,,,
MALIN    500 ~ OLINDA   500 # 1,MALIN    500 {4001},OLINDA   500 {8001},0.01293,0.00106,99999,,,MALIN    500 {4001},OLINDA   500 {8001},,,,,,,
MARTIN   115 ~ POTRERO  115 # 1,MARTIN   115 {3104},POTRERO  115 {3105},0.02886,0.00312,888,,,MARTIN   115 {3104},POTRERO  115 {3105},,,,,,,
MARTIN   230 ~ JEFFERSN 230 # 1,MARTIN   230 {3102},JEFFERSN 230 {3302},0.0127,0.0011,1120,,,MARTIN   230 {3102},JEFFERSN 230 {3302},,,,,,,
MARTIN   230 ~ MARTIN   115 # 1,MARTIN   230 {3102},MARTIN   115 {3104},0.0299,0.00089,250,,,MARTIN   230 {3102},MARTIN   115 {3104},,,,,,,
MARTIN   230 ~ SANMATEO 230 # 1,MARTIN   230 {3102},SANMATEO 230 {3103},0.0127,0.0011,1120,,,MARTIN   230 {3102},SANMATEO 230 {3103},,,,,,,
MARTIN   230 ~ SANMATEO 230 # 2,MARTIN   230 {3102},SANMATEO 230 {3103},0.0127,0.0011,1120,,,MARTIN   230 {3102},SANMATEO 230 {3103},,,,,,,
MARTIN   230 ~ SANMATEO 230 # 3,MARTIN   230 {3102},SANMATEO 230 {3103},0.0127,0.0011,1120,,,MARTIN   230 {3102},SANMATEO 230 {3103},,,,,,,
MC CALL  230 ~ GATES    230 # 1,MC CALL  230 {3403},GATES    230 {3804},0.02886,0.00312,888,,,MC CALL  230 {3403},GATES    230 {3804},,,,,,,
MC CALL  230 ~ MC CALL  20 # 1,MC CALL  230 {3403},MC CALL  20 {3433},0.0005,0,99999,,,MC CALL  230 {3403},MC CALL  20 {3433},,,,,,,
MC CALL  230 ~ PANOCHE  230 # 1,MC CALL  230 {3403},PANOCHE  230 {3404},0.02886,0.00312,888,,,MC CALL  230 {3403},PANOCHE  230 {3404},,,,,,,
MEAD     500 ~ ELDORADO 500 # 1,MEAD     500 {1301},ELDORADO 500 {2901},0.0965,0.0108,99999,3,,MEAD     500 {1301},ELDORADO 500 {2901},,,,,,,
MEAD     500 ~ H ALLEN  500 # 1,MEAD     500 {1301},H ALLEN  500 {1302},0.0211,0.0028,99999,,,MEAD     500 {1301},H ALLEN  500 {1302},,,,,,,
MEAD     500 ~ HOOVER   20 # 1,MEAD     500 {1301},HOOVER   20 {1331},0.0005,0,99999,,,MEAD     500 {1301},HOOVER   20 {1331},,,,,,,
MEAD     500 ~ VICTORVL 500 # 1,MEAD     500 {1301},VICTORVL 500 {2603},0.02524,0.00179,99999,3,,MEAD     500 {1301},VICTORVL 500 {2603},,,,,,,
MEAD     500 ~ WESTWING 500 # 1,MEAD     500 {1301},WESTWING 500 {1402},0.0211,0.0028,99999,,,MEAD     500 {1301},WESTWING 500 {1402},,,,,,,
MEAD     500 ~ WESTWING 500 # 2,MEAD     500 {1301},WESTWING 500 {1402},0.0673,0.0062,99999,,,MEAD     500 {1301},WESTWING 500 {1402},,,,,,,
MESA CAL 230 ~ MESA CAL 20 # 1,MESA CAL 230 {2408},MESA CAL 20 {2438},0.0005,0,99999,,,MESA CAL 230 {2408},MESA CAL 20 {2438},,,,,,,
MESA CAL 230 ~ MIRALOMA 230 # 1,MESA CAL 230 {2408},MIRALOMA 230 {2409},0.05399,0.00138,2320,,,MESA CAL 230 {2408},MIRALOMA 230 {2409},,,,,,,
MESA CAL 230 ~ MIRALOMA 230 # 2,MESA CAL 230 {2408},MIRALOMA 230 {2409},0.05399,0.00138,99999,,,MESA CAL 230 {2408},MIRALOMA 230 {2409},,,,,,,
MESA CAL 230 ~ SERRANO  230 # 1,MESA CAL 230 {2408},SERRANO  230 {2502},0.02886,0.00312,888,,,MESA CAL 230 {2408},SERRANO  230 {2502},,,,,,,
MESA CAL 230 ~ VINCENT  230 # 1,MESA CAL 230 {2408},VINCENT  230 {2411},0.0395,0.0032,2320,,,MESA CAL 230 {2408},VINCENT  230 {2411},,,,,,,
METCALF  230 ~ METCALF  20 # 1,METCALF  230 {3303},METCALF  20 {3333},0.0005,0,99999,,,METCALF  230 {3303},METCALF  20 {3333},,,,,,,
METCALF  230 ~ MONTAVIS 230 # 1,METCALF  230 {3303},MONTAVIS 230 {3304},0.0127,0.0011,1120,,,METCALF  230 {3303},MONTAVIS 230 {3304},,,,,,,
METCALF  230 ~ MONTAVIS 230 # 2,METCALF  230 {3303},MONTAVIS 230 {3304},0.0127,0.0011,1120,,,METCALF  230 {3303},MONTAVIS 230 {3304},,,,,,,
METCALF  230 ~ MONTAVIS 230 # 3,METCALF  230 {3303},MONTAVIS 230 {3304},0.0127,0.0011,1120,,,METCALF  230 {3303},MONTAVIS 230 {3304},,,,,,,
METCALF  230 ~ MOSSLAND 230 # 1,METCALF  230 {3303},MOSSLAND 230 {3918},0.02886,0.00312,888,,,METCALF  230 {3303},MOSSLAND 230 {3918},,,,,,,
METCALF  230 ~ MOSSLAND 230 # 2,METCALF  230 {3303},MOSSLAND 230 {3918},0.02886,0.00312,888,,,METCALF  230 {3303},MOSSLAND 230 {3918},,,,,,,
METCALF  500 ~ METCALF  230 # 1,METCALF  500 {3301},METCALF  230 {3303},0.0174,0.0003,840,,,METCALF  500 {3301},METCALF  230 {3303},,,,,,,
METCALF  500 ~ METCALF  230 # 2,METCALF  500 {3301},METCALF  230 {3303},0.0174,0.0003,840,,,METCALF  500 {3301},METCALF  230 {3303},,,,,,,
METCALF  500 ~ METCALF  230 # 3,METCALF  500 {3301},METCALF  230 {3303},0.0174,0.0003,840,,,METCALF  500 {3301},METCALF  230 {3303},,,,,,,
METCALF  500 ~ MOSSLAND 500 # 1,METCALF  500 {3301},MOSSLAND 500 {3902},0.01297,0.00053,2450,,,METCALF  500 {3301},MOSSLAND 500 {3902},,,,,,,
METCALF  500 ~ TESLA    500 # 1,METCALF  500 {3301},TESLA    500 {3903},-0.00755,0.00001,99999,,,METCALF  500 {3301},TESLA    500 {3903},,,,,,,
MEXICO   230 ~ IMPRLVLY 230 # 1,MEXICO   230 {2000},IMPRLVLY 230 {2302},0.05399,0.00138,888,3,,MEXICO   230 {2000},IMPRLVLY 230 {2302},,,,,,,
MEXICO   230 ~ MEXICO   20 # 1,MEXICO   230 {2000},MEXICO   20 {2030},0.0005,0,99999,,,MEXICO   230 {2000},MEXICO   20 {2030},,,,,,,
MEXICO   230 ~ MIGUEL   230 # 1,MEXICO   230 {2000},MIGUEL   230 {2202},0.05399,0.00138,888,3,,MEXICO   230 {2000},MIGUEL   230 {2202},,,,,,,
MIDPOINT 345 ~ BORAH    345 # 1,MIDPOINT 345 {6102},BORAH    345 {6103},0.02316,0.0012,99999,,,MIDPOINT 345 {6102},BORAH    345 {6103},,,,,,,
MIDPOINT 345 ~ BRIDGER  345 # 1,MIDPOINT 345 {6102},BRIDGER  345 {6301},0.0046,0,99999,3,,MIDPOINT 345 {6102},BRIDGER  345 {6301},,,,,,,
MIDPOINT 345 ~ MIDPOINT 20 # 1,MIDPOINT 345 {6102},MIDPOINT 20 {6132},0.0005,0,99999,,,MIDPOINT 345 {6102},MIDPOINT 20 {6132},,,,,,,
MIDPOINT 345 ~ VALMY    345 # 1,MIDPOINT 345 {6102},VALMY    345 {6403},0.0673,0.0062,99999,,,MIDPOINT 345 {6102},VALMY    345 {6403},,,,,,,
MIDPOINT 500 ~ MIDPOINT 345 # 1,MIDPOINT 500 {6101},MIDPOINT 345 {6102},0.0072,0,1500,,,MIDPOINT 500 {6101},MIDPOINT 345 {6102},,,,,,,
MIDWAY   230 ~ MIDWAY   20 # 1,MIDWAY   230 {3805},MIDWAY   20 {3835},0.0005,0,99999,,,MIDWAY   230 {3805},MIDWAY   20 {3835},,,,,,,
MIDWAY   230 ~ MORROBAY 230 # 1,MIDWAY   230 {3805},MORROBAY 230 {3806},0.02886,0.00312,888,,,MIDWAY   230 {3805},MORROBAY 230 {3806},,,,,,,
MIDWAY   500 ~ GATES1   500 # 1,MIDWAY   500 {3803},GATES1   500 {3891},-0.00998,0.00002,2450,,,MIDWAY   500 {3803},GATES1   500 {3891},,,,,,,
MIDWAY   500 ~ LOSBANOS 500 # 1,MIDWAY   500 {3803},LOSBANOS 500 {3901},0.0147,0.00153,1560,,,MIDWAY   500 {3803},LOSBANOS 500 {3901},,,,,,,
MIDWAY   500 ~ MIDWAY   230 # 1,MIDWAY   500 {3803},MIDWAY   230 {3805},0.0174,0.0003,840,,,MIDWAY   500 {3803},MIDWAY   230 {3805},,,,,,,
MIDWAY   500 ~ MIDWAY   230 # 2,MIDWAY   500 {3803},MIDWAY   230 {3805},0.0119,0.0002,1120,,,MIDWAY   500 {3803},MIDWAY   230 {3805},,,,,,,
MIDWAY   500 ~ MIDWAY1  500 # 1,MIDWAY   500 {3803},MIDWAY1  500 {3892},-0.00935,0,2134,,,MIDWAY   500 {3803},MIDWAY1  500 {3892},,,,,,,
MIDWAY   500 ~ MIDWAY3  500 # 1,MIDWAY   500 {3803},MIDWAY3  500 {3894},-0.00944,0,2134,,,MIDWAY   500 {3803},MIDWAY3  500 {3894},,,,,,,
MIDWAY   500 ~ MIDWAY5  500 # 1,MIDWAY   500 {3803},MIDWAY5  500 {3896},-0.00935,0,2134,,,MIDWAY   500 {3803},MIDWAY5  500 {3896},,,,,,,
MIDWAY1  500 ~ MIDWAY2  500 # 1,MIDWAY1  500 {3892},MIDWAY2  500 {3893},0.02659,0.00123,3600,,,MIDWAY1  500 {3892},MIDWAY2  500 {3893},,,,,,,
MIDWAY3  500 ~ MIDWAY4  500 # 1,MIDWAY3  500 {3894},MIDWAY4  500 {3895},0.02662,0.00123,3600,,,MIDWAY3  500 {3894},MIDWAY4  500 {3895},,,,,,,
MIDWAY5  500 ~ MIDWAY6  500 # 1,MIDWAY5  500 {3896},MIDWAY6  500 {3897},0.02517,0.00112,3600,,,MIDWAY5  500 {3896},MIDWAY6  500 {3897},,,,,,,
MIGUEL   230 ~ MISSION  230 # 1,MIGUEL   230 {2202},MISSION  230 {2203},0.02886,0.00312,888,,,MIGUEL   230 {2202},MISSION  230 {2203},,,,,,,
MIGUEL   230 ~ MISSION  230 # 2,MIGUEL   230 {2202},MISSION  230 {2203},0.02886,0.00312,888,,,MIGUEL   230 {2202},MISSION  230 {2203},,,,,,,
MIGUEL   230 ~ S.ONOFRE 230 # 1,MIGUEL   230 {2202},S.ONOFRE 230 {2503},0.02886,0.00312,888,,,MIGUEL   230 {2202},S.ONOFRE 230 {2503},,,,,,,
MIGUEL   500 ~ IMPRLVLY 500 # 1,MIGUEL   500 {2201},IMPRLVLY 500 {2301},0.02524,0.00179,1800,,,MIGUEL   500 {2201},IMPRLVLY 500 {2301},,,,,,,
MIGUEL   500 ~ MIGUEL   230 # 1,MIGUEL   500 {2201},MIGUEL   230 {2202},0.005,0,99999,,,MIGUEL   500 {2201},MIGUEL   230 {2202},,,,,,,
MIGUEL   500 ~ MIGUEL   230 # 2,MIGUEL   500 {2201},MIGUEL   230 {2202},0.005,0,99999,,,MIGUEL   500 {2201},MIGUEL   230 {2202},,,,,,,
MIRALOMA 230 ~ S.ONOFRE 230 # 1,MIRALOMA 230 {2409},S.ONOFRE 230 {2503},0.02886,0.00312,888,,,MIRALOMA 230 {2409},S.ONOFRE 230 {2503},,,,,,,
MIRALOMA 230 ~ SERRANO  230 # 1,MIRALOMA 230 {2409},SERRANO  230 {2502},0.02886,0.00312,888,,,MIRALOMA 230 {2409},SERRANO  230 {2502},,,,,,,
MIRALOMA 500 ~ MIRALOMA 230 # 1,MIRALOMA 500 {2402},MIRALOMA 230 {2409},0.005,0,99999,,,MIRALOMA 500 {2402},MIRALOMA 230 {2409},,,,,,,
MIRALOMA 500 ~ SERRANO  500 # 1,MIRALOMA 500 {2402},SERRANO  500 {2501},0.00457,0.00021,3600,,,MIRALOMA 500 {2402},SERRANO  500 {2501},,,,,,,
MISSION  230 ~ MISSION  20 # 1,MISSION  230 {2203},MISSION  20 {2233},0.0005,0,99999,,,MISSION  230 {2203},MISSION  20 {2233},,,,,,,
MISSION  230 ~ S.ONOFRE 230 # 1,MISSION  230 {2203},S.ONOFRE 230 {2503},0.02886,0.00312,888,,,MISSION  230 {2203},S.ONOFRE 230 {2503},,,,,,,
MISSION  230 ~ S.ONOFRE 230 # 2,MISSION  230 {2203},S.ONOFRE 230 {2503},0.02886,0.00312,888,,,MISSION  230 {2203},S.ONOFRE 230 {2503},,,,,,,
MOENKOPI 500 ~ ELDORADO 500 # 1,MOENKOPI 500 {1201},ELDORADO 500 {2901},0.01369,0.00207,99999,3,,MOENKOPI 500 {1201},ELDORADO 500 {2901},,,,,,,
MOENKOPI 500 ~ NAVAJO   500 # 1,MOENKOPI 500 {1201},NAVAJO   500 {1202},0.00536,0.00077,99999,,,MOENKOPI 500 {1201},NAVAJO   500 {1202},,,,,,,
MOENKOPI 500 ~ WESTWING 500 # 1,MOENKOPI 500 {1201},WESTWING 500 {1402},0.02592,0.00179,99999,,,MOENKOPI 500 {1201},WESTWING 500 {1402},,,,,,,
MONA     345 ~ CRAIG    345 # 1,MONA     345 {6504},CRAIG    345 {7002},0.0965,0.0108,99999,,,MONA     345 {6504},CRAIG    345 {7002},,,,,,,
MONA     345 ~ SIGURD   345 # 1,MONA     345 {6504},SIGURD   345 {6507},0.034,0.0038,99999,,,MONA     345 {6504},SIGURD   345 {6507},,,,,,,
MONA     345 ~ SIGURD   345 # 2,MONA     345 {6504},SIGURD   345 {6507},0.0349,0.0032,99999,,,MONA     345 {6504},SIGURD   345 {6507},,,,,,,
MONTANA  230 ~ MONTA G1 20 # 1,MONTANA  230 {6205},MONTA G1 20 {6235},0.0005,0,99999,,,MONTANA  230 {6205},MONTA G1 20 {6235},,,,,,,
MORAGA   230 ~ NEWARK   230 # 1,MORAGA   230 {3202},NEWARK   230 {3203},0.0127,0.0011,1120,,,MORAGA   230 {3202},NEWARK   230 {3203},,,,,,,
MORAGA   230 ~ NEWARK   230 # 9,MORAGA   230 {3202},NEWARK   230 {3203},0.02886,0.00312,99999,,,MORAGA   230 {3202},NEWARK   230 {3203},,,,,,,
MORAGA   230 ~ PITSBURG 230 # 1,MORAGA   230 {3202},PITSBURG 230 {3204},0.0127,0.0011,1120,,,MORAGA   230 {3202},PITSBURG 230 {3204},,,,,,,
MORAGA   230 ~ SOBRANTE 230 # 1,MORAGA   230 {3202},SOBRANTE 230 {3205},0.0127,0.0011,99999,,,MORAGA   230 {3202},SOBRANTE 230 {3205},,,,,,,
MORAGA   230 ~ VACA-DIX 230 # 1,MORAGA   230 {3202},VACA-DIX 230 {3924},0.02886,0.00312,888,,,MORAGA   230 {3202},VACA-DIX 230 {3924},,,,,,,
MORAGA   230 ~ VACA-DIX 230 # 2,MORAGA   230 {3202},VACA-DIX 230 {3924},0.02886,0.00312,99999,,,MORAGA   230 {3202},VACA-DIX 230 {3924},,,,,,,
MORROBAY 230 ~ MORROBAY 20 # 1,MORROBAY 230 {3806},MORROBAY 20 {3836},0.0005,0,99999,,,MORROBAY 230 {3806},MORROBAY 20 {3836},,,,,,,
MOSSLAND 500 ~ MOSSLAND 20 # 1,MOSSLAND 500 {3902},MOSSLAND 20 {3932},0.0005,0,99999,,,MOSSLAND 500 {3902},MOSSLAND 20 {3932},,,,,,,
MOSSLAND 500 ~ MOSSLAND 230 # 1,MOSSLAND 500 {3902},MOSSLAND 230 {3918},0.0174,0.0003,840,,,MOSSLAND 500 {3902},MOSSLAND 230 {3918},,,,,,,
NAUGHTON 230 ~ BENLOMND 230 # 1,NAUGHTON 230 {6305},BENLOMND 230 {6510},0.0965,0.0108,99999,,,NAUGHTON 230 {6305},BENLOMND 230 {6510},,,,,,,
NAUGHTON 230 ~ BENLOMND 230 # 2,NAUGHTON 230 {6305},BENLOMND 230 {6510},0.0965,0.0108,99999,,,NAUGHTON 230 {6305},BENLOMND 230 {6510},,,,,,,
NAUGHTON 230 ~ NAUGHT   20 # 1,NAUGHTON 230 {6305},NAUGHT   20 {6335},0.0005,0,99999,,,NAUGHTON 230 {6305},NAUGHT   20 {6335},,,,,,,
NAVAJO   500 ~ H ALLEN  500 # 1,NAVAJO   500 {1202},H ALLEN  500 {1302},0.0211,0.0028,99999,,,NAVAJO   500 {1202},H ALLEN  500 {1302},,,,,,,
NAVAJO   500 ~ NAVAJO 2 20 # 1,NAVAJO   500 {1202},NAVAJO 2 20 {1232},0.0005,0,2000,,,NAVAJO   500 {1202},NAVAJO 2 20 {1232},,,,,,,
NAVAJO   500 ~ WESTWING 500 # 1,NAVAJO   500 {1202},WESTWING 500 {1402},0.03489,0.00241,99999,,,NAVAJO   500 {1202},WESTWING 500 {1402},,,,,,,
NEWARK   230 ~ METCALF  230 # 1,NEWARK   230 {3203},METCALF  230 {3303},0.0127,0.0011,1120,,,NEWARK   230 {3203},METCALF  230 {3303},,,,,,,
NEWARK   230 ~ METCALF  230 # 9,NEWARK   230 {3203},METCALF  230 {3303},0.02886,0.00312,99999,,,NEWARK   230 {3203},METCALF  230 {3303},,,,,,,
NEWARK   230 ~ PITSBURG 230 # 1,NEWARK   230 {3203},PITSBURG 230 {3204},0.0127,0.0011,1120,,,NEWARK   230 {3203},PITSBURG 230 {3204},,,,,,,
NEWARK   230 ~ RAVENSWD 230 # 1,NEWARK   230 {3203},RAVENSWD 230 {3305},0.0127,0.0011,1120,,,NEWARK   230 {3203},RAVENSWD 230 {3305},,,,,,,
NEWARK   230 ~ TESLA    230 # 1,NEWARK   230 {3203},TESLA    230 {3923},0.02886,0.00312,888,,,NEWARK   230 {3203},TESLA    230 {3923},,,,,,,
NEWARK   230 ~ TESLA    230 # 2,NEWARK   230 {3203},TESLA    230 {3923},0.02886,0.00312,888,,,NEWARK   230 {3203},TESLA    230 {3923},,,,,,,
NORTH    500 ~ CANADA   500 # 1,NORTH    500 {4201},CANADA   500 {5001},0.0239,0.00083,99999,3,,NORTH    500 {4201},CANADA   500 {5001},,,,,,,
NORTH    500 ~ NORTH G3 20 # 1,NORTH    500 {4201},NORTH G3 20 {4231},0.0005,0,99999,,,NORTH    500 {4201},NORTH G3 20 {4231},,,,,,,
NORTH    500 ~ WCASCADE 500 # 1,NORTH    500 {4201},WCASCADE 500 {4202},0.02408,0.00109,99999,,,NORTH    500 {4201},WCASCADE 500 {4202},,,,,,,
OLINDA   500 ~ COTWDWAP 230 # 1,OLINDA   500 {8001},COTWDWAP 230 {8003},0.0174,0.0001,99999,,,OLINDA   500 {8001},COTWDWAP 230 {8003},,,,,,,
OLINDA   500 ~ TRACY    500 # 9,OLINDA   500 {8001},TRACY    500 {8002},0.0111,0.00159,99999,,,OLINDA   500 {8001},TRACY    500 {8002},,,,,,,
OLIVE    230 ~ OLIVE    20 # 1,OLIVE    230 {2611},OLIVE    20 {2631},0.0005,0,99999,,,OLIVE    230 {2611},OLIVE    20 {2631},,,,,,,
OLIVE    230 ~ RINALDI  230 # 1,OLIVE    230 {2611},RINALDI  230 {2612},0.00434,0.00029,99999,,,OLIVE    230 {2611},RINALDI  230 {2612},,,,,,,
PALERMO  230 ~ TABLE MT 230 # 1,PALERMO  230 {3919},TABLE MT 230 {3922},0.02886,0.00312,888,,,PALERMO  230 {3919},TABLE MT 230 {3922},,,,,,,
PALOVRDE 500 ~ DEVERS   500 # 1,PALOVRDE 500 {1401},DEVERS   500 {2400},0.02967,0.00259,1800,3,,PALOVRDE 500 {1401},DEVERS   500 {2400},,,,,,,
PALOVRDE 500 ~ IMPRLVLY 500 # 1,PALOVRDE 500 {1401},IMPRLVLY 500 {2301},0.02967,0.00259,1800,3,,PALOVRDE 500 {1401},IMPRLVLY 500 {2301},,,,,,,
PALOVRDE 500 ~ PALOVRD2 20 # 1,PALOVRDE 500 {1401},PALOVRD2 20 {1431},0.0005,0,3066,,,PALOVRDE 500 {1401},PALOVRD2 20 {1431},,,,,,,
PALOVRDE 500 ~ PARKER   230 # 1,PALOVRDE 500 {1401},PARKER   230 {1403},0.0138,0.00028,99999,,,PALOVRDE 500 {1401},PARKER   230 {1403},,,,,,,
PALOVRDE 500 ~ WESTWING 500 # 1,PALOVRDE 500 {1401},WESTWING 500 {1402},0.0096,0.0004,99999,,,PALOVRDE 500 {1401},WESTWING 500 {1402},,,,,,,
PALOVRDE 500 ~ WESTWING 500 # 2,PALOVRDE 500 {1401},WESTWING 500 {1402},0.0096,0.0004,99999,,,PALOVRDE 500 {1401},WESTWING 500 {1402},,,,,,,
PANOCHE  230 ~ GATES    230 # 1,PANOCHE  230 {3404},GATES    230 {3804},0.02886,0.00312,888,,,PANOCHE  230 {3404},GATES    230 {3804},,,,,,,
PANOCHE  230 ~ GATES    230 # 2,PANOCHE  230 {3404},GATES    230 {3804},0.02886,0.00312,888,,,PANOCHE  230 {3404},GATES    230 {3804},,,,,,,
PANOCHE  230 ~ LOSBANOS 230 # 1,PANOCHE  230 {3404},LOSBANOS 230 {3917},0.02886,0.00312,888,,,PANOCHE  230 {3404},LOSBANOS 230 {3917},,,,,,,
PANOCHE  230 ~ MOSSLAND 230 # 1,PANOCHE  230 {3404},MOSSLAND 230 {3918},0.02886,0.00312,888,,,PANOCHE  230 {3404},MOSSLAND 230 {3918},,,,,,,
PARDEE   230 ~ VINCENT  230 # 1,PARDEE   230 {2410},VINCENT  230 {2411},0.03649,0.00285,2320,,,PARDEE   230 {2410},VINCENT  230 {2411},,,,,,,
PARDEE   230 ~ VINCENT  230 # 2,PARDEE   230 {2410},VINCENT  230 {2411},0.03399,0.00138,2320,,,PARDEE   230 {2410},VINCENT  230 {2411},,,,,,,
PARKER   230 ~ IMPERIAL 230 # 1,PARKER   230 {1403},IMPERIAL 230 {2100},0.07034,0.00845,99999,,,PARKER   230 {1403},IMPERIAL 230 {2100},,,,,,,
PINTO    345 ~ PINTO PS 345 # 1,PINTO    345 {6505},PINTO PS 345 {6506},0.0195,0,99999,,,PINTO    345 {6505},PINTO PS 345 {6506},,,,,,,
PITSBURG 230 ~ PITSBURG 20 # 1,PITSBURG 230 {3204},PITSBURG 20 {3234},0.0005,0,99999,,,PITSBURG 230 {3204},PITSBURG 20 {3234},,,,,,,
PITSBURG 230 ~ SOBRANTE 230 # 1,PITSBURG 230 {3204},SOBRANTE 230 {3205},0.0127,0.0011,1120,,,PITSBURG 230 {3204},SOBRANTE 230 {3205},,,,,,,
PITSBURG 230 ~ SOBRANTE 230 # 2,PITSBURG 230 {3204},SOBRANTE 230 {3205},0.0127,0.0011,1120,,,PITSBURG 230 {3204},SOBRANTE 230 {3205},,,,,,,
PITSBURG 230 ~ TESLA    230 # 1,PITSBURG 230 {3204},TESLA    230 {3923},0.02886,0.00312,888,,,PITSBURG 230 {3204},TESLA    230 {3923},,,,,,,
PITSBURG 230 ~ TESLA    230 # 2,PITSBURG 230 {3204},TESLA    230 {3923},0.02886,0.00312,888,,,PITSBURG 230 {3204},TESLA    230 {3923},,,,,,,
POTRERO  115 ~ POTRERO  20 # 1,POTRERO  115 {3105},POTRERO  20 {3135},0.0005,0,99999,,,POTRERO  115 {3105},POTRERO  20 {3135},,,,,,,
RAVENSWD 230 ~ TESLA    230 # 1,RAVENSWD 230 {3305},TESLA    230 {3923},0.02886,0.00312,888,,,RAVENSWD 230 {3305},TESLA    230 {3923},,,,,,,
RINALDI  230 ~ OWENS G  20 # 1,RINALDI  230 {2612},OWENS G  20 {2637},0.0005,0,99999,,,RINALDI  230 {2612},OWENS G  20 {2637},,,,,,,
RINALDI  230 ~ STA E    230 # 1,RINALDI  230 {2612},STA E    230 {2615},0.01583,0.00229,99999,,,RINALDI  230 {2612},STA E    230 {2615},,,,,,,
RINALDI  230 ~ STA E    230 # 2,RINALDI  230 {2612},STA E    230 {2615},0.01583,0.00229,99999,,,RINALDI  230 {2612},STA E    230 {2615},,,,,,,
RINALDI  230 ~ STA J    230 # 1,RINALDI  230 {2612},STA J    230 {2618},0.00967,0.00141,99999,,,RINALDI  230 {2612},STA J    230 {2618},,,,,,,
RINALDI  230 ~ STA J    230 # 2,RINALDI  230 {2612},STA J    230 {2618},0.00967,0.00141,99999,,,RINALDI  230 {2612},STA J    230 {2618},,,,,,,
RINALDI  230 ~ STA J    230 # 3,RINALDI  230 {2612},STA J    230 {2618},0.00971,0.00161,99999,,,RINALDI  230 {2612},STA J    230 {2618},,,,,,,
RINALDI  230 ~ STA J    230 # 4,RINALDI  230 {2612},STA J    230 {2618},0.00971,0.00161,99999,,,RINALDI  230 {2612},STA J    230 {2618},,,,,,,
RINALDI  230 ~ SYLMARLA 230 # 1,RINALDI  230 {2612},SYLMARLA 230 {2619},0.00393,0.00027,99999,,,RINALDI  230 {2612},SYLMARLA 230 {2619},,,,,,,
RINALDI  230 ~ SYLMARLA 230 # 2,RINALDI  230 {2612},SYLMARLA 230 {2619},0.00393,0.00027,99999,,,RINALDI  230 {2612},SYLMARLA 230 {2619},,,,,,,
RINALDI  230 ~ SYLMARLA 230 # 3,RINALDI  230 {2612},SYLMARLA 230 {2619},0.00393,0.00027,99999,,,RINALDI  230 {2612},SYLMARLA 230 {2619},,,,,,,
RINALDI  230 ~ VALLEY   230 # 1,RINALDI  230 {2612},VALLEY   230 {2620},0.01116,0.00138,99999,,,RINALDI  230 {2612},VALLEY   230 {2620},,,,,,,
RINALDI  230 ~ VALLEY   230 # 2,RINALDI  230 {2612},VALLEY   230 {2620},0.01116,0.00138,99999,,,RINALDI  230 {2612},VALLEY   230 {2620},,,,,,,
RINALDI  500 ~ RINALDI  230 # 1,RINALDI  500 {2601},RINALDI  230 {2612},0.01386,0.00026,99999,,,RINALDI  500 {2601},RINALDI  230 {2612},,,,,,,
RINALDI  500 ~ VICTORVL 500 # 1,RINALDI  500 {2601},VICTORVL 500 {2603},0.01884,0.00083,99999,,,RINALDI  500 {2601},VICTORVL 500 {2603},,,,,,,
RIO OSO  230 ~ RIO OSO  115 # 1,RIO OSO  230 {3920},RIO OSO  115 {3926},0.0299,0.00089,888,,,RIO OSO  230 {3920},RIO OSO  115 {3926},,,,,,,
RIO OSO  230 ~ RIO OSO  115 # 2,RIO OSO  230 {3920},RIO OSO  115 {3926},0.0299,0.00089,99999,,,RIO OSO  230 {3920},RIO OSO  115 {3926},,,,,,,
RIO OSO  230 ~ TABLE MT 230 # 1,RIO OSO  230 {3920},TABLE MT 230 {3922},0.02886,0.00312,888,,,RIO OSO  230 {3920},TABLE MT 230 {3922},,,,,,,
RIVER    230 ~ STA F    230 # 1,RIVER    230 {2613},STA F    230 {2616},0.00366,0.00037,99999,,,RIVER    230 {2613},STA F    230 {2616},,,,,,,
RIVER    230 ~ STA G    230 # 1,RIVER    230 {2613},STA G    230 {2617},0.00586,0.00055,99999,,,RIVER    230 {2613},STA G    230 {2617},,,,,,,
RNCHSECO 230 ~ RNCHSECO 20 # 1,RNCHSECO 230 {8004},RNCHSECO 20 {8034},0.0005,0,99999,,,RNCHSECO 230 {8004},RNCHSECO 20 {8034},,,,,,,
RNCHSECO 230 ~ TRACYPMP 230 # 1,RNCHSECO 230 {8004},TRACYPMP 230 {8005},0.13702,0.01952,99999,,,RNCHSECO 230 {8004},TRACYPMP 230 {8005},,,,,,,
ROUND MT 230 ~ ROUND MT 20 # 1,ROUND MT 230 {3921},ROUND MT 20 {3931},0.0005,0,99999,,,ROUND MT 230 {3921},ROUND MT 20 {3931},,,,,,,
ROUND MT 500 ~ MALIN    500 # 1,ROUND MT 500 {3906},MALIN    500 {4001},0.00456,0.00053,99999,3,,ROUND MT 500 {3906},MALIN    500 {4001},,,,,,,
ROUND MT 500 ~ MALIN    500 # 2,ROUND MT 500 {3906},MALIN    500 {4001},0.00456,0.00053,99999,3,,ROUND MT 500 {3906},MALIN    500 {4001},,,,,,,
ROUND MT 500 ~ ROUND MT 230 # 1,ROUND MT 500 {3906},ROUND MT 230 {3921},0.0174,0.0001,840,,,ROUND MT 500 {3906},ROUND MT 230 {3921},,,,,,,
S.ONOFRE 230 ~ S.ONOFRE 20 # 1,S.ONOFRE 230 {2503},S.ONOFRE 20 {2533},0.0005,0,99999,,,S.ONOFRE 230 {2503},S.ONOFRE 20 {2533},,,,,,,
SAN JUAN 345 ~ COLOEAST 345 # 1,SAN JUAN 345 {1004},COLOEAST 345 {7001},0.27403,0.03903,99999,,,SAN JUAN 345 {1004},COLOEAST 345 {7001},,,,,,,
SAN JUAN 345 ~ CRAIG    345 # 1,SAN JUAN 345 {1004},CRAIG    345 {7002},0.11,0.00977,99999,,,SAN JUAN 345 {1004},CRAIG    345 {7002},,,,,,,
SAN JUAN 345 ~ SJUAN G4 20 # 1,SAN JUAN 345 {1004},SJUAN G4 20 {1034},0.0005,0,99999,,,SAN JUAN 345 {1004},SJUAN G4 20 {1034},,,,,,,
SANMATEO 230 ~ PITSBURG 230 # 1,SANMATEO 230 {3103},PITSBURG 230 {3204},0.0127,0.0011,1120,,,SANMATEO 230 {3103},PITSBURG 230 {3204},,,,,,,
SANMATEO 230 ~ PITSBURG 230 # 2,SANMATEO 230 {3103},PITSBURG 230 {3204},0.0127,0.0011,1120,,,SANMATEO 230 {3103},PITSBURG 230 {3204},,,,,,,
SANMATEO 230 ~ RAVENSWD 230 # 1,SANMATEO 230 {3103},RAVENSWD 230 {3305},0.0127,0.0011,1120,,,SANMATEO 230 {3103},RAVENSWD 230 {3305},,,,,,,
SANMATEO 230 ~ RAVENSWD 230 # 2,SANMATEO 230 {3103},RAVENSWD 230 {3305},0.0127,0.0011,1120,,,SANMATEO 230 {3103},RAVENSWD 230 {3305},,,,,,,
SANMATEO 230 ~ SANMATEO 20 # 1,SANMATEO 230 {3103},SANMATEO 20 {3133},0.0005,0,99999,,,SANMATEO 230 {3103},SANMATEO 20 {3133},,,,,,,
SERRANO  230 ~ S.ONOFRE 230 # 1,SERRANO  230 {2502},S.ONOFRE 230 {2503},0.02886,0.00312,888,,,SERRANO  230 {2502},S.ONOFRE 230 {2503},,,,,,,
SERRANO  230 ~ S.ONOFRE 230 # 2,SERRANO  230 {2502},S.ONOFRE 230 {2503},0.02886,0.00312,888,,,SERRANO  230 {2502},S.ONOFRE 230 {2503},,,,,,,
SERRANO  500 ~ SERRANO  230 # 1,SERRANO  500 {2501},SERRANO  230 {2502},0.005,0,99999,,,SERRANO  500 {2501},SERRANO  230 {2502},,,,,,,
SERRANO  500 ~ SERRANO  230 # 2,SERRANO  500 {2501},SERRANO  230 {2502},0.005,0,99999,,,SERRANO  500 {2501},SERRANO  230 {2502},,,,,,,
SERRANO  500 ~ SERRANO  230 # 3,SERRANO  500 {2501},SERRANO  230 {2502},0.005,0,99999,,,SERRANO  500 {2501},SERRANO  230 {2502},,,,,,,
SOBRANTE 230 ~ IGNACIO  230 # 1,SOBRANTE 230 {3205},IGNACIO  230 {3914},0.02886,0.00312,888,,,SOBRANTE 230 {3205},IGNACIO  230 {3914},,,,,,,
SOBRANTE 230 ~ LAKEVILE 230 # 1,SOBRANTE 230 {3205},LAKEVILE 230 {3915},0.02886,0.00312,888,,,SOBRANTE 230 {3205},LAKEVILE 230 {3915},,,,,,,
STA B1   287 ~ STA B    138 # 1,STA B1   287 {2605},STA B    138 {2621},0.01491,0.00059,99999,,,STA B1   287 {2605},STA B    138 {2621},,,,,,,
STA B1   287 ~ VICTORVL 287 # 1,STA B1   287 {2605},VICTORVL 287 {2607},0.07905,0.0107,99999,,,STA B1   287 {2605},VICTORVL 287 {2607},,,,,,,
STA B2   287 ~ STA B    138 # 1,STA B2   287 {2606},STA B    138 {2621},0.01491,0.00059,99999,,,STA B2   287 {2606},STA B    138 {2621},,,,,,,
STA B2   287 ~ VICTORVL 287 # 1,STA B2   287 {2606},VICTORVL 287 {2607},0.07905,0.0107,99999,,,STA B2   287 {2606},VICTORVL 287 {2607},,,,,,,
STA BLD  230 ~ STA B    138 # 1,STA BLD  230 {2614},STA B    138 {2621},0.0133,0.0003,99999,,,STA BLD  230 {2614},STA B    138 {2621},,,,,,,
STA BLD  230 ~ STA B    138 # 2,STA BLD  230 {2614},STA B    138 {2621},0.0134,0.0003,99999,,,STA BLD  230 {2614},STA B    138 {2621},,,,,,,
STA BLD  230 ~ STA F    230 # 1,STA BLD  230 {2614},STA F    230 {2616},0.01025,0.00073,99999,,,STA BLD  230 {2614},STA F    230 {2616},,,,,,,
STA BLD  230 ~ STA F    230 # 2,STA BLD  230 {2614},STA F    230 {2616},0.01025,0.00073,99999,,,STA BLD  230 {2614},STA F    230 {2616},,,,,,,
STA E    230 ~ STA G    230 # 1,STA E    230 {2615},STA G    230 {2617},0.01244,0.00119,99999,,,STA E    230 {2615},STA G    230 {2617},,,,,,,
STA E    230 ~ STA G    230 # 2,STA E    230 {2615},STA G    230 {2617},0.01244,0.00119,99999,,,STA E    230 {2615},STA G    230 {2617},,,,,,,
STA E    230 ~ VALLEY   230 # 1,STA E    230 {2615},VALLEY   230 {2620},0.00979,0.00128,99999,,,STA E    230 {2615},VALLEY   230 {2620},,,,,,,
STA E    500 ~ STA E    230 # 1,STA E    500 {2602},STA E    230 {2615},0.01386,0.00013,99999,,,STA E    500 {2602},STA E    230 {2615},,,,,,,
STA E    500 ~ STA E    230 # 2,STA E    500 {2602},STA E    230 {2615},0.01386,0.00013,99999,,,STA E    500 {2602},STA E    230 {2615},,,,,,,
STA F    230 ~ STA G    230 # 1,STA F    230 {2616},STA G    230 {2617},0.01189,0.0011,99999,,,STA F    230 {2616},STA G    230 {2617},,,,,,,
SUMMER L 500 ~ BURNS    500 # 1,SUMMER L 500 {4002},BURNS    500 {4003},0.02373,0.00122,3600,,,SUMMER L 500 {4002},BURNS    500 {4003},,,,,,,
SUMMER L 500 ~ GRIZZLY1 500 # 1,SUMMER L 500 {4002},GRIZZLY1 500 {4091},0.01036,0.0006,3450,,,SUMMER L 500 {4002},GRIZZLY1 500 {4091},,,,,,,
SUMMER L 500 ~ MALIN1   500 # 1,SUMMER L 500 {4002},MALIN1   500 {4090},0.00238,0.00012,3600,,,SUMMER L 500 {4002},MALIN1   500 {4090},,,,,,,
SUMMIT   115 ~ RIO OSO  115 # 1,SUMMIT   115 {3701},RIO OSO  115 {3926},0.02886,0.00312,99999,,,SUMMIT   115 {3701},RIO OSO  115 {3926},,,,,,,
SUMMIT   115 ~ RIO OSO  115 # 2,SUMMIT   115 {3701},RIO OSO  115 {3926},0.02886,0.00312,99999,,,SUMMIT   115 {3701},RIO OSO  115 {3926},,,,,,,
SUMMIT   115 ~ SUMITSPP 115 # 1,SUMMIT   115 {3701},SUMITSPP 115 {6402},0.0299,0.00089,99999,,,SUMMIT   115 {3701},SUMITSPP 115 {6402},,,,,,,
SUMMIT   115 ~ SUMITSPP 115 # 2,SUMMIT   115 {3701},SUMITSPP 115 {6402},0.0299,0.00089,99999,,,SUMMIT   115 {3701},SUMITSPP 115 {6402},,,,,,,
SUMMIT   115 ~ SUMMIT   20 # 1,SUMMIT   115 {3701},SUMMIT   20 {3731},0.0005,0,99999,,,SUMMIT   115 {3701},SUMMIT   20 {3731},,,,,,,
SYLMAR S 230 ~ EAGLROCK 230 # 1,SYLMAR S 230 {2405},EAGLROCK 230 {2406},0.0264,0.0014,3070,,,SYLMAR S 230 {2405},EAGLROCK 230 {2406},,,,,,,
SYLMAR S 230 ~ PARDEE   230 # 1,SYLMAR S 230 {2405},PARDEE   230 {2410},0.01187,0.00065,3070,,,SYLMAR S 230 {2405},PARDEE   230 {2410},,,,,,,
SYLMAR S 230 ~ PARDEE   230 # 2,SYLMAR S 230 {2405},PARDEE   230 {2410},0.01187,0.00065,3070,,,SYLMAR S 230 {2405},PARDEE   230 {2410},,,,,,,
SYLMAR S 230 ~ SYLMARLA 230 # 1,SYLMAR S 230 {2405},SYLMARLA 230 {2619},0.00115,0,99999,3,,SYLMAR S 230 {2405},SYLMARLA 230 {2619},,,,,,,
TABLE MT 500 ~ ROUND MT 500 # 9,TABLE MT 500 {3905},ROUND MT 500 {3906},0.00346,0.00072,99999,,,TABLE MT 500 {3905},ROUND MT 500 {3906},,,,,,,
TABLE MT 500 ~ TABLE MT 230 # 1,TABLE MT 500 {3905},TABLE MT 230 {3922},0.0174,0.0003,840,,,TABLE MT 500 {3905},TABLE MT 230 {3922},,,,,,,
TESLA    230 ~ TESLA    20 # 1,TESLA    230 {3923},TESLA    20 {3933},0.0005,0,99999,,,TESLA    230 {3923},TESLA    20 {3933},,,,,,,
TESLA    230 ~ TRACYPMP 230 # 1,TESLA    230 {3923},TRACYPMP 230 {8005},0.09268,0.01382,99999,3,,TESLA    230 {3923},TRACYPMP 230 {8005},,,,,,,
TESLA    230 ~ TRACYPMP 230 # 2,TESLA    230 {3923},TRACYPMP 230 {8005},0.09268,0.01382,99999,3,,TESLA    230 {3923},TRACYPMP 230 {8005},,,,,,,
TESLA    500 ~ TABLE MT 500 # 9,TESLA    500 {3903},TABLE MT 500 {3905},0.01035,0.00098,99999,,,TESLA    500 {3903},TABLE MT 500 {3905},,,,,,,
TESLA    500 ~ TESLA    230 # 1,TESLA    500 {3903},TESLA    230 {3923},0.0174,0.0003,840,,,TESLA    500 {3903},TESLA    230 {3923},,,,,,,
TESLA    500 ~ TRACY    500 # 1,TESLA    500 {3903},TRACY    500 {8002},0.05719,0.00165,2450,3,,TESLA    500 {3903},TRACY    500 {8002},,,,,,,
TESLA    500 ~ VACA-DIX 500 # 1,TESLA    500 {3903},VACA-DIX 500 {3904},-0.01098,0.00001,2450,,,TESLA    500 {3903},VACA-DIX 500 {3904},,,,,,,
TRACY    500 ~ TRACYPMP 230 # 1,TRACY    500 {8002},TRACYPMP 230 {8005},0.0174,0.0003,99999,,,TRACY    500 {8002},TRACYPMP 230 {8005},,,,,,,
TRACYSPP 345 ~ GONDER   345 # 1,TRACYSPP 345 {6401},GONDER   345 {6404},0.0965,0.0108,99999,,,TRACYSPP 345 {6401},GONDER   345 {6404},,,,,,,
TRACYSPP 345 ~ SUMITSPP 115 # 1,TRACYSPP 345 {6401},SUMITSPP 115 {6402},0.0299,0.00089,99999,,,TRACYSPP 345 {6401},SUMITSPP 115 {6402},,,,,,,
TRACYSPP 345 ~ SUMITSPP 115 # 2,TRACYSPP 345 {6401},SUMITSPP 115 {6402},0.0299,0.00089,99999,,,TRACYSPP 345 {6401},SUMITSPP 115 {6402},,,,,,,
TRACYSPP 345 ~ VALMY    345 # 1,TRACYSPP 345 {6401},VALMY    345 {6403},0.0673,0.0062,99999,,,TRACYSPP 345 {6401},VALMY    345 {6403},,,,,,,
TRACYSPP 345 ~ VALMY    345 # 2,TRACYSPP 345 {6401},VALMY    345 {6403},0.0673,0.0062,99999,,,TRACYSPP 345 {6401},VALMY    345 {6403},,,,,,,
VACA-DIX 500 ~ TABLE MT 500 # 9,VACA-DIX 500 {3904},TABLE MT 500 {3905},0.01229,0.0016,2667,,,VACA-DIX 500 {3904},TABLE MT 500 {3905},,,,,,,
VACA-DIX 500 ~ VACA-DIX 230 # 1,VACA-DIX 500 {3904},VACA-DIX 230 {3924},0.0125,0.0002,1120,,,VACA-DIX 500 {3904},VACA-DIX 230 {3924},,,,,,,
VALLEY   500 ~ SERRANO  500 # 1,VALLEY   500 {2403},SERRANO  500 {2501},0.0093,0.0004,3600,,,VALLEY   500 {2403},SERRANO  500 {2501},,,,,,,
VALMY    345 ~ GONDER   345 # 1,VALMY    345 {6403},GONDER   345 {6404},0.0673,0.0062,99999,,,VALMY    345 {6403},GONDER   345 {6404},,,,,,,
VALMY    345 ~ VALMY    20 # 1,VALMY    345 {6403},VALMY    20 {6433},0.0005,0,99999,,,VALMY    345 {6403},VALMY    20 {6433},,,,,,,
VICTORVL 500 ~ ELDORADO 500 # 1,VICTORVL 500 {2603},ELDORADO 500 {2901},0.02524,0.00179,99999,3,,VICTORVL 500 {2603},ELDORADO 500 {2901},,,,,,,
VICTORVL 500 ~ VICTORVL 287 # 1,VICTORVL 500 {2603},VICTORVL 287 {2607},0.02338,0.0002,99999,,,VICTORVL 500 {2603},VICTORVL 287 {2607},,,,,,,
VINCENT  500 ~ MIDWAY2  500 # 1,VINCENT  500 {2404},MIDWAY2  500 {3893},-0.00935,0,2134,,,VINCENT  500 {2404},MIDWAY2  500 {3893},,,,,,,
VINCENT  500 ~ MIDWAY4  500 # 1,VINCENT  500 {2404},MIDWAY4  500 {3895},-0.00935,0,2134,,,VINCENT  500 {2404},MIDWAY4  500 {3895},,,,,,,
VINCENT  500 ~ MIDWAY6  500 # 1,VINCENT  500 {2404},MIDWAY6  500 {3897},-0.0084,0,2100,,,VINCENT  500 {2404},MIDWAY6  500 {3897},,,,,,,
VINCENT  500 ~ VINCENT  230 # 1,VINCENT  500 {2404},VINCENT  230 {2411},0.01149,0,1120,,,VINCENT  500 {2404},VINCENT  230 {2411},,,,,,,
VINCENT  500 ~ VINCENT  230 # 2,VINCENT  500 {2404},VINCENT  230 {2411},0.01149,0,1120,,,VINCENT  500 {2404},VINCENT  230 {2411},,,,,,,
VINCENT  500 ~ VINCENT  230 # 3,VINCENT  500 {2404},VINCENT  230 {2411},0.01149,0,1120,,,VINCENT  500 {2404},VINCENT  230 {2411},,,,,,,
WCASCADE 500 ~ WCASCADE 20 # 1,WCASCADE 500 {4202},WCASCADE 20 {4232},0.0005,0,99999,,,WCASCADE 500 {4202},WCASCADE 20 {4232},,,,,,,
WCASCADE 500 ~ WILLAMET 500 # 1,WCASCADE 500 {4202},WILLAMET 500 {4203},0.00165,0.00066,99999,,,WCASCADE 500 {4202},WILLAMET 500 {4203},,,,,,,
WILLAMET 500 ~ MERIDIAN 500 # 1,WILLAMET 500 {4203},MERIDIAN 500 {4204},0.01266,0.00074,99999,,,WILLAMET 500 {4203},MERIDIAN 500 {4204},,,,,,,
WILSON   230 ~ BELLOTA  230 # 1,WILSON   230 {3405},BELLOTA  230 {3907},0.02886,0.00312,888,,,WILSON   230 {3405},BELLOTA  230 {3907},,,,,,,
WILSON   230 ~ BELLOTA  230 # 2,WILSON   230 {3405},BELLOTA  230 {3907},0.02886,0.00312,888,,,WILSON   230 {3405},BELLOTA  230 {3907},,,,,,,