Name,Short Name,Unit Number,Bus Location in WECC240 Model,Bus in full WECC model,Category,Area,State,Maximum Capacity (MW),Heat Rate (MMBtu/MWh),Variable O&M ($/MWh),MaxCap Profile,Minimum Capacity (%),Maint Req (Hrs),Forced Outage Rate (%),Alternate Name,,
CbsPrsn1,CbsPrsn1,1,SJUAN G4  20 {1032},10246_PERSONG1,CT Large,PNM,New Mexico,132,10.58,5.001,12% Summer Deration,60,336,4.08,Cobisa Person,,
Reeves1,Reeves1,1,SJUAN G4  20 {1032},10261_REEVE_G1,Steam Small Old,PNM,New Mexico,40,12.12,5.001,2.7% Summer Deration,30,912,7.1,,,
Reeves3,Reeves3,1,SJUAN G4  20 {1032},10263_REEVE_G3,Steam Small Old,PNM,New Mexico,60,12.12,5.001,2.7% Summer Deration,30,912,7.1,,,
DENACCG1,DENACCG1,1,CORONADO  20 {1131},10394_LEF_G1,CC Frame F,PNM,New Mexico,164.79,7.51,2,6.9% Summer Deration,30,360,5.5,DUKE Energy No  America CCG1,,
DENACCG2,DENACCG2,1,CORONADO  20 {1131},10395_LEF_G2,CC Frame F,PNM,New Mexico,164.79,7.51,2,6.9% Summer Deration,30,360,5.5,DUKE Energy No  America CCG2,,
DENASTG1,DENASTG1,1,CORONADO  20 {1131},10396_LEF_S1,CC Frame F,PNM,New Mexico,613,7.34,2,6.9% Summer Deration,27,504,7.15,DUKE Energy No  America STG1,,
Lrdsbrg1,Lrdsbrg1,1,CORONADO  20 {1131},10491_LRDSBGG1,CT Large,PNM,New Mexico,80,11.79,5.001,12% Summer Deration,60,336,4.08,,,
Lrdsbrg2,Lrdsbrg2,1,CORONADO  20 {1131},10492_LRDSBRG2,CT Large,PNM,New Mexico,80,11.79,5.001,12% Summer Deration,60,336,4.08,,,
Copper1,Copper1,1,CORONADO  20 {1131},11051_COPPER_G,CT Old Gas,EPE,Texas,69,12.47,8.001,12% Summer Deration,30,336,4.08,Copper 1  El Paso TX,,
Newman1,Newman1,1,CORONADO  20 {1131},11112_NEWMANG1,Steam Small Recent,EPE,Texas,77,10.61,5.001,2.7% Summer Deration,19,336,4.49,,,
Newman2,Newman2,1,CORONADO  20 {1131},11113_NEWMANG2,Steam Small Recent,EPE,Texas,80,10.61,5.001,2.7% Summer Deration,19,336,4.49,,,
Newman3,Newman3,1,CORONADO  20 {1131},11114_NEWMANG3,Steam Large Recent,EPE,Texas,101,9.79,3.001,2.7% Summer Deration,17,672,9.14,,,
NewmnCC4,NewmnCC4,1,CORONADO  20 {1131},11117_NEWMN4S1,CC Old,EPE,Texas,222,7.15,5.001,6.9% Summer Deration,34,504,7.15,,,
RioGrnd6,RioGrnd6,1,CORONADO  20 {1131},11133_RIOGD_G6,Steam Small Old,EPE,New Mexico,48,10.61,5.001,2.7% Summer Deration,30,336,4.49,,,
RioGrnd7,RioGrnd7,1,CORONADO  20 {1131},11134_RIOGD_G7,Steam Small Old,EPE,New Mexico,45,10.61,5.001,2.7% Summer Deration,30,336,4.49,,,
RioGrnd8,RioGrnd8,1,CORONADO  20 {1131},11135_RIOGD_G8,Steam Large Recent,EPE,New Mexico,150,9.79,3.001,2.7% Summer Deration,17,672,9.14,,,
PYRAMD1A,PYRAMD1A,1,CORONADO  20 {1131},12094_PYRMDG1,CT Small,PNM,New Mexico,40,9.38,5.001,12% Summer Deration,45,168,3.74,,,
PYRAMD1B,PYRAMD1B,2,CORONADO  20 {1131},12094_PYRMDG1,CT Small,PNM,New Mexico,40,9.38,5.001,12% Summer Deration,45,168,3.74,,,
PYRAMD2A,PYRAMD2A,1,CORONADO  20 {1131},12095_PYRMDG2,CT Small,PNM,New Mexico,40,9.38,5.001,12% Summer Deration,45,168,3.74,,,
PYRAMD2B,PYRAMD2B,2,CORONADO  20 {1131},12095_PYRMDG2,CT Small,PNM,New Mexico,40,9.38,5.001,12% Summer Deration,45,168,3.74,,,
ChinoNM,ChinoNM,1,CORONADO  20 {1131},13017_CHINO,CC Frame F,PNM,New Mexico,40,7.15,2,6.9% Summer Deration,75,504,7.15,Chino  Silver City NM,,
GilaRvrST1,GilaRvrS,1,PALOVRD2  20 {1431},14802_GIL-ST1,CC Frame F,APS,Arizona,589,7.41,2,6.9% Summer Deration,29,504,7.15,Gila River ST1,,
GilaRvrST2,GilaRvrS,2,PALOVRD2  20 {1431},14805_GIL-ST2,CC Frame F,APS,Arizona,589,7.41,2,6.9% Summer Deration,29,504,7.15,Gila River ST2,,
GilaRvrST3,GilaRvrS,3,PALOVRD2  20 {1431},14808_GIL-ST3,CC Frame F,APS,Arizona,589,7.41,2,6.9% Summer Deration,29,504,7.15,Gila River ST3,,
GilaRvrST4,GilaRvrS,4,PALOVRD2  20 {1431},14811_GIL-ST4,CC Frame F,APS,Arizona,486,7.46,2,6.9% Summer Deration,35,504,7.15,,,
OctllGT1,OctllGT1,1,FCNGN4CC  20 {1032},14921_OCOTGT1,CT Old Gas,APS,Arizona,55.9,12.47,8.001,12% Summer Deration,30,336,4.08,,,
OctllGT2,OctllGT2,1,FCNGN4CC  20 {1032},14922_OCOTGT2,CT Old Gas,APS,Arizona,55.9,12.47,8.001,12% Summer Deration,30,336,4.08,,,
Ocotill2,Ocotill2,1,FCNGN4CC  20 {1032},14924_OCOTST2,Steam Large Recent,APS,Arizona,114.9,9.56,3.001,2.7% Summer Deration,17,672,9.14,,,
Ocotill1,Ocotill1,1,FCNGN4CC  20 {1032},14925_OCOTST1,Steam Large Recent,APS,Arizona,114.9,9.94,3.001,2.7% Summer Deration,17,672,9.14,,,
SagurAZGT1,SagurAZG,1,PALOVRD2  20 {1431},14941_SAGUARO1,Steam Large Recent,APS,Arizona,110,9.79,3.001,2.7% Summer Deration,17,672,9.14,,,
SagurAZGT2,SagurAZG,2,PALOVRD2  20 {1431},14942_SAGUARO2,Steam Large Old,APS,Arizona,99,9.79,5.001,2.7% Summer Deration,8,336,4.49,,,
SaguarAZ2,SaguarAZ,2,PALOVRD2  20 {1431},14943_SAG. CT2,CT Old Gas,APS,Arizona,54.5,12.47,8.001,12% Summer Deration,30,336,4.08,,,
SaguarAZ1,SaguarAZ,1,PALOVRD2  20 {1431},14944_SAG. CT1,CT Old Gas,APS,Arizona,54.5,12.47,8.001,12% Summer Deration,30,336,4.08,,,
SaguarAZ3,SaguarAZ,3,PALOVRD2  20 {1431},14945_SAG. CT3,CT Large,APS,Arizona,80,11.79,5.001,12% Summer Deration,60,336,4.08,,,
WstPhnxST1,WstPhnxS,1,PALOVRD2  20 {1431},14950_WPCC4ST1,Steam Small Recent,APS,Arizona,42,10.61,5.001,2.7% Summer Deration,19,336,4.49,,,
WstPhnxCC1,WstPhnxC,1,PALOVRD2  20 {1431},14951_WPHX CC1,CC Old,APS,Arizona,85,7.15,5.001,6.9% Summer Deration,53,504,7.15,,,
WstPhnxCC2,WstPhnxC,2,PALOVRD2  20 {1431},14952_WPHX CC2,CC Old,APS,Arizona,85,7.15,5.001,6.9% Summer Deration,53,504,7.15,,,
WstPhnxCC3,WstPhnxC,3,PALOVRD2  20 {1431},14953_WPHX CC3,CC Old,APS,Arizona,85,7.15,5.001,6.9% Summer Deration,53,504,7.15,,,
WstPhnxGT1,WstPhnxG,1,PALOVRD2  20 {1431},14954_WPHX GT1,CT Small,APS,Arizona,56.2,9.38,5.001,12% Summer Deration,45,336,4.08,,,
WstPhnxGT2,WstPhnxG,2,PALOVRD2  20 {1431},14957_WPHX GT2,CT Small,APS,Arizona,56.2,9.38,5.001,12% Summer Deration,45,336,4.08,,,
WstPhnxCC4,WstPhnxC,4,PALOVRD2  20 {1431},14958_WPCC4CT1,CC Recent,APS,Arizona,85,7.15,2,6.9% Summer Deration,53,504,7.15,,,
YuccaCT1,YuccaCT1,1,PALOVRD2  20 {1431},14961_YUCCACT1,CT Old Gas,APS,Arizona,19.1,12.47,8.001,12% Summer Deration,30,168,5.52,,,
YuccaCT2,YuccaCT2,1,PALOVRD2  20 {1431},14962_YUCCACT2,CT Old Gas,APS,Arizona,19.1,12.47,8.001,12% Summer Deration,30,168,5.52,,,
YuccaCT3,YuccaCT3,1,PALOVRD2  20 {1431},14963_YUCCACT3,CT Old Gas,APS,Arizona,55,12.47,8.001,12% Summer Deration,30,336,4.08,,,
YuccaCT4,YuccaCT4,1,PALOVRD2  20 {1431},14964_YUCCACT4,CT Old Oil,APS,Arizona,55,12.47,8.001,12% Summer Deration,30,336,4.08,,,
YuccaST,YuccaST,1,PALOVRD2  20 {1431},14965_YUCCAGEN,Steam Small Old,APS,Arizona,75,10.61,5.001,2.7% Summer Deration,30,336,4.49,,,
WstPhnxCC5,WstPhnxC,5,PALOVRD2  20 {1431},14968_WPCC5ST1,CC Frame F,APS,Arizona,530,7.15,2,6.9% Summer Deration,32,504,7.15,,,
RedhwkST1,RedhwkST,1,PALOVRD2  20 {1431},14982_RED-ST1,CC Frame F,APS,Arizona,472,7.24,2,6.9% Summer Deration,32,504,7.15,,,
RedhwkST2,RedhwkST,2,PALOVRD2  20 {1431},14983_RED-ST2,CC Frame F,APS,Arizona,472,7.24,2,6.9% Summer Deration,32,504,7.15,,,
SundncGT1,SundncGT,1,HOOVER   20 {1331},14990_SUN G1,CT Small,APS,Arizona,58.7,9.38,5.001,12% Summer Deration,45,336,4.08,,,
SundncGT2,SundncGT,2,HOOVER   20 {1331},14991_SUN G2,CT Small,APS,Arizona,58.7,9.38,5.001,12% Summer Deration,45,336,4.08,,,
SundncGT3,SundncGT,3,HOOVER   20 {1331},14992_SUN G3,CT Small,APS,Arizona,58.7,9.38,5.001,12% Summer Deration,45,336,4.08,,,
SundncGT4,SundncGT,4,HOOVER   20 {1331},14993_SUN G4,CT Small,APS,Arizona,58.7,9.38,5.001,12% Summer Deration,45,336,4.08,,,
SundncGT5,SundncGT,5,HOOVER   20 {1331},14994_SUN G5,CT Small,APS,Arizona,58.7,9.38,5.001,12% Summer Deration,45,336,4.08,,,
SundncGT6,SundncGT,6,HOOVER   20 {1331},14995_SUN G6,CT Small,APS,Arizona,58.7,9.38,5.001,12% Summer Deration,45,336,4.08,,,
SundncGT7,SundncGT,7,HOOVER   20 {1331},14996_SUN G7,CT Small,APS,Arizona,58.7,9.38,5.001,12% Summer Deration,45,336,4.08,,,
SundncGT8,SundncGT,8,HOOVER   20 {1331},14997_SUN G8,CT Small,APS,Arizona,58.7,9.38,5.001,12% Summer Deration,45,336,4.08,,,
SundncGT9,SundncGT,9,HOOVER   20 {1331},14998_SUN G9,CT Small,APS,Arizona,60,9.38,5.001,12% Summer Deration,45,336,4.08,,,
SundncGT10,SundncGT,10,HOOVER   20 {1331},14999_SUN G10,CT Small,APS,Arizona,60,9.38,5.001,12% Summer Deration,45,336,4.08,,,
DesrtBasST1,DesrtBas,10,PALOVRD2  20 {1431},15142_DBG-ST1,CC Frame F,SRP,Arizona,616,7.42,2,6.9% Summer Deration,29,504,7.15,Desert Basin ST  Casa Grande CA,,
ArlngtnST1,ArlngtnS,1,PALOVRD2  20 {1431},15147_ARL-ST1,CC Frame F,SRP,Arizona,679,7.25,2,6.9% Summer Deration,27,504,7.15,Arlington Valley ST1,,
HarquaST1,HarquaST,1,PALOVRD2  20 {1431},15158_HGC-ST1,CC Frame F,SRP,Arizona,378,7.15,2,6.9% Summer Deration,63,504,7.15,,,
HarquaST2,HarquaST,2,PALOVRD2  20 {1431},15160_HGC-ST2,CC Frame F,SRP,Arizona,378,7.15,2,6.9% Summer Deration,63,504,7.15,,,
HarquaST3,HarquaST,3,PALOVRD2  20 {1431},15162_HGC-ST3,CC Frame F,SRP,Arizona,378,7.15,2,6.9% Summer Deration,63,504,7.15,,,
MesquitST1,MesquitS,1,PALOVRD2  20 {1431},15166_MES-ST1,CC Frame F,SRP,Arizona,677,7.39,2,6.9% Summer Deration,27,504,7.15,,,
MesquitST2,MesquitS,2,PALOVRD2  20 {1431},15169_MES-ST2,CC Frame F,SRP,Arizona,677,7.39,2,6.9% Summer Deration,27,504,7.15,,,
AguaFria1,AguaFria,1,PALOVRD2  20 {1431},15901_AGUAFR 1,Steam Large Old,SRP,Arizona,113,9.98,5.001,2.7% Summer Deration,8,672,9.14,Agua Fria 1  Glendale AZ,,
AguaFria2,AguaFria,2,PALOVRD2  20 {1431},15902_AGUAFR 2,Steam Large Old,SRP,Arizona,113,10.1,5.001,2.7% Summer Deration,8,672,9.14,Agua Fria 2  Glendale AZ,,
AguaFria3,AguaFria,3,PALOVRD2  20 {1431},15903_AGUAFR 3,Steam Large Recent,SRP,Arizona,181,10.16,3.001,2.7% Summer Deration,17,672,9.14,Agua Fria 3  Glendale AZ,,
AguaFria4,AguaFria,4,PALOVRD2  20 {1431},15904_AGUAFR 4,CT Old Gas,SRP,Arizona,66,12.47,8.001,12% Summer Deration,30,336,4.08,Agua Fria 4  Glendale AZ,,
AguaFria5,AguaFria,5,PALOVRD2  20 {1431},15905_AGUAFR 5,CT Old Gas,SRP,Arizona,66,12.47,8.001,12% Summer Deration,30,336,4.08,Agua Fria 5  Glendale AZ,,
AguaFria6,AguaFria,6,PALOVRD2  20 {1431},15906_AGUAFR 6,CT Old Gas,SRP,Arizona,66,12.47,8.001,12% Summer Deration,30,336,4.08,Agua Fria 6  Glendale AZ,,
Kyrene1,Kyrene1,1,PALOVRD2  20 {1431},15911_KYRENE 1,Steam Small Old,SRP,Arizona,36,10.61,5.001,2.7% Summer Deration,30,336,4.49,,,
Kyrene2,Kyrene2,1,PALOVRD2  20 {1431},15912_KYRENE 2,Steam Small Old,SRP,Arizona,75,10.61,5.001,2.7% Summer Deration,30,336,4.49,,,
KyrenGT4,KyrenGT4,1,PALOVRD2  20 {1431},15914_KYRENE 4,CT Old Gas,SRP,Arizona,52,12.47,8.001,12% Summer Deration,30,336,4.08,,,
KyrenGT5,KyrenGT5,2,PALOVRD2  20 {1431},15915_KYRENE 5,CT Old Gas,SRP,Arizona,50,12.47,8.001,12% Summer Deration,30,336,4.08,,,
KyrenGT6,KyrenGT6,1,PALOVRD2  20 {1431},15916_KYRENE 6,CT Old Gas,SRP,Arizona,50,12.47,8.001,12% Summer Deration,30,336,4.08,,,
KyrenCC1A,KyrenCC1,1,PALOVRD2  20 {1431},15919_KYREN 7A,CC Frame F,SRP,Arizona,246,7.15,2,6.9% Summer Deration,60,504,7.15,,,
Santan 1,Santan 1,1,CORONADO  20 {1131},15921_SANTAN 1,CC Old,SRP,Arizona,90,7.15,5.001,6.9% Summer Deration,78,504,7.15,,,
Santan 2,Santan 2,1,CORONADO  20 {1131},15922_SANTAN 2,CC Old,SRP,Arizona,90,7.15,5.001,6.9% Summer Deration,78,504,7.15,,,
Santan 3,Santan 3,2,CORONADO  20 {1131},15923_SANTAN 3,CC Old,SRP,Arizona,90,7.15,5.001,6.9% Summer Deration,78,504,7.15,,,
Santan 4,Santan 4,2,CORONADO  20 {1131},15924_SANTAN 4,CC Old,SRP,Arizona,90,7.15,5.001,6.9% Summer Deration,78,504,7.15,,,
SantanX5S,SantanX5,3,CORONADO  20 {1131},15926_SANTN 5S,CC Frame F,SRP,Arizona,550,7.15,2,6.9% Summer Deration,25,504,7.15,,,
SantanX6S,SantanX6,2,CORONADO  20 {1131},15930_SANTN 6S,CC Frame F,SRP,Arizona,290,7.15,2,6.9% Summer Deration,53,504,7.15,,,
IrvngGT1,IrvngGT1,1,PALOVRD2  20 {1431},16504_SUNDTCT,CT Old Gas,TEP,Arizona,22,12.47,8.001,12% Summer Deration,30,168,3.74,,,
IrvngGT2,IrvngGT2,2,PALOVRD2  20 {1431},16504_SUNDTCT,CT Old Gas,TEP,Arizona,22,12.47,8.001,12% Summer Deration,30,168,3.74,,,
Irvngtn1,Irvngtn1,1,PALOVRD2  20 {1431},16507_SUNDTGE1,Steam Small Old,TEP,Arizona,73,9.86,5.001,2.7% Summer Deration,30,336,4.49,,,
Irvngtn2,Irvngtn2,1,PALOVRD2  20 {1431},16508_SUNDTGE2,Steam Small Recent,TEP,Arizona,73,9.32,5.001,2.7% Summer Deration,19,336,4.49,,,
Irvngtn3,Irvngtn3,1,PALOVRD2  20 {1431},16509_SUNDTGE3,Steam Large Recent,TEP,Arizona,102,10.34,3.001,2.7% Summer Deration,17,672,9.14,,,
NorthLp1,NorthLp1,1,PALOVRD2  20 {1431},16510_NLOOPCT,CT Old Gas,TEP,Arizona,22,12.47,8.001,12% Summer Deration,30,168,3.74,,,
NorthLp2,NorthLp2,2,PALOVRD2  20 {1431},16510_NLOOPCT,CT Old Gas,TEP,Arizona,22,12.47,8.001,12% Summer Deration,30,168,3.74,,,
NorthLp3,NorthLp3,3,PALOVRD2  20 {1431},16510_NLOOPCT,CT Old Gas,TEP,Arizona,22,12.47,8.001,12% Summer Deration,30,168,3.74,,,
NorthLp4,NorthLp4,4,PALOVRD2  20 {1431},16510_NLOOPCT,CT Old Gas,TEP,Arizona,20,12.47,8.001,12% Summer Deration,30,168,3.74,,,
DMossPtr1,DMossPtr,1,PALOVRD2  20 {1431},16514_DMPCCT#1,CT Small,TEP,Arizona,73,11.79,5.001,12% Summer Deration,45,336,4.08,DeMoss Petrie GT 1,,
ApachGT1,ApachGT1,1,CORONADO  20 {1131},17024_APACHCT1,CT Old Gas,WALC,Arizona,10,12.47,8.001,12% Summer Deration,30,168,5.52,Apache Station GT1  Cochise AZ,,
ApachGT2,ApachGT2,1,CORONADO  20 {1131},17025_APACHCT2,CT Old Oil,WALC,Arizona,20,12.47,8.001,12% Summer Deration,30,168,3.74,Apache Station GT2  Cochise AZ,,
ApachGT3,ApachGT3,1,CORONADO  20 {1131},17026_APACHCT3,CT Old Oil,WALC,Arizona,65,12.47,8.001,12% Summer Deration,30,336,4.08,Apache Station GT3  Cochise AZ,,
ApachCC1A,ApachCC1,1,CORONADO  20 {1131},17028_APACHST1,CC Old,WALC,Arizona,115,7.15,5.001,6.9% Summer Deration,70,504,7.15,Apache Station CC1A  Cochise AZ,,
Clark1,Clark1,1,H ALLEN  20 {1333},18147_CLARK E,Steam Small Old,NEVP,Nevada,42,10.61,5.001,2.7% Summer Deration,30,336,4.49,Clark 1  Las Vegas NV,,
Clark2,Clark2,2,H ALLEN  20 {1333},18147_CLARK E,Steam Small Old,NEVP,Nevada,66,10.61,5.001,2.7% Summer Deration,30,336,4.49,Clark 2  Las Vegas NV,,
Clark3,Clark3,3,H ALLEN  20 {1333},18147_CLARK E,Steam Small Recent,NEVP,Nevada,67,10.61,5.001,2.7% Summer Deration,19,336,4.49,Clark 3  Las Vegas NV,,
ClarkGT4,ClarkGT4,4,H ALLEN  20 {1333},18254_CLARK 4,CT Old Gas,NEVP,Nevada,50,12.47,8.001,12% Summer Deration,30,336,4.08,Clark GT4  Las Vegas NV,,
ClarkCC1C,ClarkCC1,7,H ALLEN  20 {1333},18257_CLARK 7,CC Old,NEVP,Nevada,219,7.15,5.001,6.9% Summer Deration,33,504,7.15,Clark CC1C  Las Vegas NV,,
ClarkCC2C,ClarkCC2,10,H ALLEN  20 {1333},18260_CLARK10,CC Old,NEVP,Nevada,243,7.15,5.001,6.9% Summer Deration,30,504,7.15,Clark CC2C  Las Vegas NV,,
AllenGT1,AllenGT1,1,H ALLEN  20 {1333},18261_HA CT1,CT Large,NEVP,Nevada,72,11.79,5.001,12% Summer Deration,60,336,4.08,Allen GT1  Clark County NV,,
AllenGT2,AllenGT2,,H ALLEN  20 {1333},18261_HA CT1,CT Large,NEVP,Nevada,75,11.79,5.001,12% Summer Deration,60,336,4.08,Allen GT2  Clark Cnty,,
LVCgn2-1,LVCgn2-1,1,H ALLEN  20 {1333},18265_LVCOGEN,CC Recent,NEVP,Nevada,45,7.15,2,6.9% Summer Deration,67,504,7.15,,,
NC1A-NV1,NC1A-NV1,1,H ALLEN  20 {1333},18270_NCA1A,IC,NEVP,Nevada,23,10.12,13.25,2.7% Summer Deration,8,912,3.6,,,
NC1A-NV2,NC1A-NV2,2,H ALLEN  20 {1333},18270_NCA1A,IC,NEVP,Nevada,23,10.12,13.25,2.7% Summer Deration,8,912,3.6,,,
NC1B-NV1,NC1B-NV1,3,H ALLEN  20 {1333},18271_NCA1B,IC,NEVP,Nevada,23,10.12,13.25,2.7% Summer Deration,8,912,3.6,,,
NC1B-NV2,NC1B-NV2,1,H ALLEN  20 {1333},18271_NCA1B,IC,NEVP,Nevada,19.5,10.12,13.25,2.7% Summer Deration,8,912,3.6,,,
NC2A-NVC1,NC2A-NVC,1,H ALLEN  20 {1333},18276_NCA2A,IC,NEVP,Nevada,23,10.12,13.25,2.7% Summer Deration,8,912,3.6,,,
NC2A-NVC2,NC2A-NVC,2,H ALLEN  20 {1333},18276_NCA2A,IC,NEVP,Nevada,23,10.12,13.25,2.7% Summer Deration,8,912,3.6,,,
NC2B-NV1,NC2B-NV1,3,H ALLEN  20 {1333},18277_NCA2B,IC,NEVP,Nevada,23,10.12,13.25,2.7% Summer Deration,8,912,3.6,,,
NC2B-NV2,NC2B-NV2,1,H ALLEN  20 {1333},18277_NCA2B,IC,NEVP,Nevada,19.5,10.12,13.25,2.7% Summer Deration,8,912,3.6,,,
SaguarNV3,SaguarNV,3,H ALLEN  20 {1333},18284_SAGUAR 3,CC Recent,NEVP,Nevada,105,7.15,2,6.9% Summer Deration,71,504,7.15,,,
Sunrise1,Sunrise1,1,H ALLEN  20 {1333},18285_SUNRISE1,Steam Small Recent,NEVP,Nevada,80,9.99,5.001,2.7% Summer Deration,19,336,4.49,,,
Sunrise2,Sunrise2,2,H ALLEN  20 {1333},18286_SUNRISE2,CT Old Gas,NEVP,Nevada,69,12.47,8.001,12% Summer Deration,30,336,4.08,,,
SunPeak1,SunPeak1,3,H ALLEN  20 {1333},18287_SUNRISE3,CT Large,NEVP,Nevada,70,11.79,5.001,12% Summer Deration,60,336,4.08,,,
SunPeak2,SunPeak2,4,H ALLEN  20 {1333},18288_SUNRISE4,CT Large,NEVP,Nevada,70,11.79,5.001,12% Summer Deration,60,336,4.08,,,
SunPeak3,SunPeak3,5,H ALLEN  20 {1333},18289_SUNRISE5,CT Large,NEVP,Nevada,70,11.79,5.001,12% Summer Deration,60,336,4.08,,,
BighornRel3,BighornR,3,H ALLEN  20 {1333},18403_SLHWKG3,CC Frame F,NEVP,Nevada,612,7.15,2,6.9% Summer Deration,30,504,7.15,Bighorn REL 3  Primm  NV,,
BighornRel6,BighornR,6,H ALLEN  20 {1333},18407_BIGHORN3,CC Frame F,NEVP,Nevada,530,7.15,2,6.9% Summer Deration,32,504,7.15,Bighorn REL 6  Primm  NV,,
DK3Moapa,DK3Moapa,1,H ALLEN  20 {1333},18433_LENZIE 3,CC Frame F,NEVP,Nevada,714,7.15,2,6.9% Summer Deration,28,504,7.15,DUKE3 Moapa  Clark County  NV,,
DK6Moapa,DK6Moapa,1,H ALLEN  20 {1333},18436_LENZIE 6,CC Frame F,NEVP,Nevada,714,7.15,2,6.9% Summer Deration,28,504,7.15,DUKE6 Moapa  Clark County  NV,,
Mirant3,Mirant3,1,H ALLEN  20 {1333},18443_MIRANT3,CC Frame F,NEVP,Nevada,636,7.15,2,6.9% Summer Deration,32,504,7.15,,,
MRCHN23C,MRCHN23C,3,H ALLEN  20 {1333},18622_MRCHNT23,CC Frame F,NEVP,Nevada,519,7.15,2,6.9% Summer Deration,31,504,7.15,,,
LsVgsCgI3,LsVgsCgI,3,H ALLEN  20 {1333},18702_LVCOGEN2,CC Frame F,NEVP,Nevada,141,7.15,2,6.9% Summer Deration,40,504,7.15,,,
LsVgsCgII3,LsVgsCgI,13,H ALLEN  20 {1333},18703_LVCOGEN3,CC Frame F,NEVP,Nevada,141,7.15,2,6.9% Summer Deration,40,504,7.15,,,
Douglas1,Douglas1,1,PALOVRD2  20 {1431},19041_PARKER,Steam Small Recent,APS,Arizona,20,10.44,5.001,2.7% Summer Deration,19,912,7.1,Douglas,,
Griffith3,Griffith,3,PALOVRD2  20 {1431},19313_GRIFFTH3,CC Frame F,WALC,Arizona,642,7.48,2,6.9% Summer Deration,33,504,7.15,,,
SouthPnt1,SouthPnt,1,HOOVER   20 {1331},19317_SOPOINT1,CC Frame F,WALC,Arizona,520,7.2,2,6.9% Summer Deration,34,504,7.15,,,
Blythe1,Blythe1,1,PALOVRD2  20 {1431},19322_BLYENG1,CC Frame F,WALC,California,519,7.38,2,6.9% Summer Deration,33,504,7.15,Blythe 1,,
PdtJrz-5,PdtJrz-5,5,MEXICO   20 {2030},20006_PJZ-U5,Steam Large Recent,CFE,Mexico,152,9.79,3.001,2.7% Summer Deration,17,672,9.14,,,
PdtJrz-6,PdtJrz-6,6,MEXICO   20 {2030},20007_PJZ-U6,Steam Large Recent,CFE,Mexico,152,9.79,3.001,2.7% Summer Deration,17,672,9.14,,,
CCCPrsd1,CCCPrsd1,8,MEXICO   20 {2030},20008_PJZ-U8,CC Frame F,CFE,Mexico,253,7.15,2,6.9% Summer Deration,67,504,7.15,CCC Presidente Juarez (Rosarito III) 1,,
CCCPrsd2,CCCPrsd2,9,MEXICO   20 {2030},20009_PJZ-U9,CC Frame F,CFE,Mexico,253,7.15,2,6.9% Summer Deration,67,504,7.15,CCC Presidente Juarez (Rosarito III) 2,,
PdtJrzG1,PdtJrzG1,1,MEXICO   20 {2030},20012_TTI-U1,CT Old Gas,CFE,Mexico,28,12.47,8.001,12% Summer Deration,30,168,3.74,,,
PdtJrzG2,PdtJrzG2,2,MEXICO   20 {2030},20013_TTI-U2,CT Old Gas,CFE,Mexico,28,12.47,8.001,12% Summer Deration,30,168,3.74,,,
PdtJrzG3,PdtJrzG3,7,MEXICO   20 {2030},20014_PJZ-U7,CT Large,CFE,Mexico,152.5,10.58,5.001,12% Summer Deration,60,336,4.08,,,
Cipres1,Cipres1,1,MEXICO   20 {2030},20099_CIP-U1,CT Old Oil,CFE,Mexico,28,12.47,8.001,12% Summer Deration,30,168,3.74,Cipres 1  Ensenada Mexico,,
Cipres2,Cipres2,2,MEXICO   20 {2030},20099_CIP-U1,CT Old Oil,CFE,Mexico,28,12.47,8.001,12% Summer Deration,30,168,3.74,Cipres 2  Ensenada Mexico,,
Mexical1,Mexical1,1,MEXICO   20 {2030},20156_MXI-U1,CT Old Oil,CFE,Mexico,39,12.47,8.001,12% Summer Deration,30,168,3.74,,,
LaRosit3,LaRosit3,3,MEXICO   20 {2030},20189_LRP-U3,CC Frame F,CFE,Mexico,845,7.15,2,6.9% Summer Deration,22,504,7.15,,,
Mexical2,Mexical2,1,MEXICO   20 {2030},20231_MXI-U2,CT Old Oil,CFE,Mexico,22.1,12.47,8.001,12% Summer Deration,30,168,3.74,,,
Mexical3,Mexical3,1,MEXICO   20 {2030},20232_MXI-U3,CT Old Oil,CFE,Mexico,22.1,12.47,8.001,12% Summer Deration,30,168,3.74,,,
LaRosit1,LaRosit1,1,MEXICO   20 {2030},20328_LRP-230,CC Frame F,CFE,Mexico,185.6,7.51,2,6.9% Summer Deration,30,360,5.5,,,
Mecca1,Mecca1,1,IMPERIAL 20 {2130},21013_COLMAC,Other Steam,IID,California,55,12.12,5.001,2.7% Summer Deration,30,912,7.1,,,
ElCentro2,ElCentro,2,IMPERIAL 20 {2130},21028_ELSTM 2,Steam Small Old,IID,California,35,10.61,5.001,2.7% Summer Deration,30,336,4.49,El Centro 2  El Centro CA,,
ElCentro3,ElCentro,3,IMPERIAL 20 {2130},21029_ELSTM 3,Steam Small Old,IID,California,44,10.61,5.001,2.7% Summer Deration,30,336,4.49,El Centro 3  El Centro CA,,
ElCentro4,ElCentro,4,IMPERIAL 20 {2130},21030_ELSTM 4,Steam Small Recent,IID,California,80,10.66,5.001,2.7% Summer Deration,19,336,4.49,El Centro 4  El Centro CA,,
ElCentro2A,ElCentro,20,IMPERIAL 20 {2130},21031_ELSTM2-2,CC Recent,IID,California,95,7.15,2,6.9% Summer Deration,68,504,7.15,El Centro 2A  El Centro CA,,
Rockwod1,Rockwod1,1,IMPERIAL 20 {2130},21062_ROCKWOD1,CT Old Gas,IID,California,32,12.47,8.001,12% Summer Deration,30,168,3.74,,,
Rockwod2,Rockwod2,1,IMPERIAL 20 {2130},21063_ROCKWOD2,CT Old Oil,IID,California,32,12.47,8.001,12% Summer Deration,30,168,3.74,,,
YuccaGT,YuccaGT,1,PALOVRD2  20 {1431},21073_YUCCGT21,CT Old Gas,IID,Arizona,21,12.47,8.001,12% Summer Deration,30,168,3.74,,,
Haynes1,Haynes1,1,HAYNES3G 20 {2630},26026_HAYNES1G,Steam Large Recent,LDWP,California,222,9.88,3.001,2.7% Summer Deration,17,672,8.51,,,
Haynes2,Haynes2,1,HAYNES3G 20 {2630},26027_HAYNES2G,Steam Large Recent,LDWP,California,222,9.58,3.001,2.7% Summer Deration,17,672,8.51,,,
Scattrgd3,Scattrgd,3,HAYNES3G 20 {2630},26067_SCATT3G,Steam Large Recent,LDWP,California,445,9.13,3.001,2.7% Summer Deration,17,672,8.17,,,http://www.swrcb.ca.gov/water_issues/programs/npdes/docs/cooling/ch7o.pdf (State Water Resources Ccontrol Board)has 9.276
VALLEY,VALLEY,1,HAYNES3G 20 {2630},26102_VALLEY,CC Frame F,LDWP,California,242,7.15,2,6.9% Summer Deration,62,504,7.15,,,
VALLEY2,VALLEY2,1,HAYNES3G 20 {2630},26102_VALLEY,CC Frame F,LDWP,California,242,7.15,2,6.9% Summer Deration,62,504,7.15,,,
Scattrgd2,Scattrgd,2,HAYNES3G 20 {2630},26106_SCATT2G,Steam Large Old,LDWP,California,179,9.48,5.001,2.7% Summer Deration,8,672,9.14,,,http://www.swrcb.ca.gov/water_issues/programs/npdes/docs/cooling/ch7o.pdf (State Water Resources Ccontrol Board)has 9.564
Harbor10B,Harbor10,3,HAYNES3G 20 {2630},26111_HARB2G,CC Recent,LDWP,California,228,7.15,2,6.9% Summer Deration,36,504,7.15,,,
Scattrgd1,Scattrgd,1,HAYNES3G 20 {2630},26112_SCATT1G,Steam Large Old,LDWP,California,179,9.38,5.001,2.7% Summer Deration,8,672,9.14,,,http://www.swrcb.ca.gov/water_issues/programs/npdes/docs/cooling/ch7o.pdf (State Water Resources Ccontrol Board)has 9.459
VllyLM61,VllyLM61,1,HAYNES3G 20 {2630},26142_VALLEY5G,CT Small,LDWP,California,47.5,9.38,5.001,12% Summer Deration,45,168,3.74,,,10.45 heat rate in london Economics data
HarbrLCT10,HarbrLCT,1,HAYNES3G 20 {2630},26143_HARBCT10,CT Small,LDWP,California,47.5,9.38,5.001,12% Summer Deration,45,168,3.74,,,10.45 heat rate in london Economics data
HarbrLM61,HarbrLM6,1,HAYNES3G 20 {2630},26144_HARBCT11,CT Small,LDWP,California,47.5,9.38,5.001,12% Summer Deration,45,168,3.74,,,10.45 heat rate in london Economics data
HarbrLM62,HarbrLM6,2,HAYNES3G 20 {2630},26145_HARBCT12,CT Small,LDWP,California,47.5,9.38,5.001,12% Summer Deration,45,168,3.74,,,10.45 heat rate in london Economics data
HarbrLM63,HarbrLM6,3,HAYNES3G 20 {2630},26146_HARBCT13,CT Small,LDWP,California,47.5,9.38,5.001,12% Summer Deration,45,168,3.74,,,10.45 heat rate in london Economics data
HarbrLM64,HarbrLM6,4,HAYNES3G 20 {2630},26147_HARBCT14,CT Small,LDWP,California,47.5,9.38,5.001,12% Summer Deration,45,168,3.74,,,10.45 heat rate in london Economics data
ValleyGT6,ValleyGT,6,HAYNES3G 20 {2630},26148_VALLEY6G,CT Old Gas,LDWP,California,165,12.47,8.001,12% Summer Deration,30,336,4.08,,,
ValleyST8,ValleyST,1,HAYNES3G 20 {2630},26150_VALLEY8G,CC Frame F,LDWP,California,430,7.55,2,6.9% Summer Deration,38,504,7.15,,,
Haynes10,Haynes10,1,HAYNES3G 20 {2630},26153_HAYNS10G,CC Frame F,LDWP,California,585,7.33,2,6.9% Summer Deration,28,504,7.15,,,
HAYNS13G_1,HAYNS13G,1,HAYNES3G 20 {2630},26156_HAYNES13,CC Frame F,LDWP,California,555,7.15,2,6.9% Summer Deration,31,504,7.15,,,
MagnST,MagnST,1,OLIVE    20 {2631},27250_MAG_ST,CC Frame F,LDWP,California,328,7.71,2,6.9% Summer Deration,57,504,7.15,,,
Olive1,Olive1,1,OLIVE    20 {2631},27253_OLIVE#1,Steam Small Old,LDWP,California,44,10.89,5.001,2.7% Summer Deration,30,336,4.49,,,
Olive2,Olive2,1,OLIVE    20 {2631},27254_OLIVE#2,Steam Small Recent,LDWP,California,55,10.17,5.001,2.7% Summer Deration,19,336,4.49,,,
Grayson3,Grayson3,3,HAYNES3G 20 {2630},27346_GRAYS_3,Steam Small Old,LDWP,California,18,10.61,5.001,2.7% Summer Deration,30,336,4.49,,,
Grayson4,Grayson4,4,HAYNES3G 20 {2630},27348_GRAYS_4,Steam Small Old,LDWP,California,42,11.23,5.001,2.7% Summer Deration,30,336,4.49,,,
Grayson5,Grayson5,5,HAYNES3G 20 {2630},27350_GRAYS_5,Steam Small Recent,LDWP,California,45,10.51,5.001,2.7% Summer Deration,19,336,4.49,,,
Grayson8A,Grayson8,1,HAYNES3G 20 {2630},27356_GRAY_8A,CC Old,LDWP,California,105,7.15,5.001,6.9% Summer Deration,67,504,7.15,,,Glendale city council minutes (http://www.ci.glendale.ca.us/government/agenda_minutes/100M200804071.pdf) say Grayson has peaker to cycling heat rate
Grayson9,Grayson9,9,HAYNES3G 20 {2630},27359_GRAYS_9,CT Small,LDWP,California,70,11.79,5.001,12% Summer Deration,45,336,4.08,,,
WdlndCC1,WdlndCC1,1,RNCHSECO 20 {8034},32156_WOODLAND,CC Frame F,SMUD,California,105,7.64,2,6.9% Summer Deration,76,504,7.15,,,
SPACCST,SPACCST,1,RNCHSECO 20 {8034},37304_CAMPBEL2,CC Recent,SMUD,California,157,7.15,2,6.9% Summer Deration,67,504,7.15,,,
McCllln1,McCllln1,1,RNCHSECO 20 {8034},37309_MCCLELLN,CT Large,SMUD,California,74,11.79,5.001,12% Summer Deration,60,336,4.08,,,
Prctr&Gm3,Prctr&Gm,3,RNCHSECO 20 {8034},37312_PROCTER3,CC Frame F,SMUD,California,123,7.15,2,6.9% Summer Deration,33,504,7.15,,,
Prct&GMpk,Prct&GMp,1,RNCHSECO 20 {8034},37313_PROCTER4,CT Small,SMUD,California,43,9.38,5.001,12% Summer Deration,45,168,3.74,,,
Carson2,Carson2,2,RNCHSECO 20 {8034},37315_SRWTPA,CC Recent,SMUD,California,96,7.15,2,6.9% Summer Deration,43,504,7.15,Carson Ice CG 2,,
UCMDSmud1,UCMDSmud,1,RNCHSECO 20 {8034},37320_UCDMC,CT Old Gas,SMUD,California,27,12.47,8.001,12% Summer Deration,30,168,3.74,,,
Cosumnes3,Cosumnes,3,RNCHSECO 20 {8034},37323_COSUMNE3,CC Frame F,SMUD,California,670,7.15,2,6.9% Summer Deration,37,504,7.15,Cosumnes combined cycle 3 (SMUD),,
Sutter3,Sutter3,3,RNCHSECO 20 {8034},37523_SUTTER3,CC Frame F,SMUD,California,525,7.29,2,6.9% Summer Deration,33,504,7.15,,,
Ripon1,Ripon1,1,RNCHSECO 20 {8034},38351_RIPN_1,CT Small,SMUD,California,50,9.38,5.001,12% Summer Deration,45,336,4.08,,,
McClure1,McClure1,1,RNCHSECO 20 {8034},38352_MCCLURE1,CT Old Gas,SMUD,California,62,12.47,8.001,12% Summer Deration,30,336,4.08,,,
Ripon2,Ripon2,1,RNCHSECO 20 {8034},38353_RIPN_2,CT Small,SMUD,California,50,9.38,5.001,12% Summer Deration,45,336,4.08,,,
McClure2,McClure2,1,RNCHSECO 20 {8034},38354_MCCLURE2,CT Old Gas,SMUD,California,62,12.47,8.001,12% Summer Deration,30,336,4.08,,,
WdlndMd1,WdlndMd1,1,RNCHSECO 20 {8034},38356_WOODLMID,CT Small,SMUD,California,49,12.47,5.001,12% Summer Deration,45,168,3.74,,,
WdlndMd2,WdlndMd2,1,RNCHSECO 20 {8034},38357_WOODMID2,CC Frame F,SMUD,California,80,7.51,2,6.9% Summer Deration,30,360,5.5,,,
Walnut,Walnut,1,RNCHSECO 20 {8034},38480_WALNUT,CC Frame F,TIDC,California,229,7.15,2,6.9% Summer Deration,74,504,7.15,,,
Almond1,Almond1,1,RNCHSECO 20 {8034},38564_ALMONDCT,CC Recent,TIDC,California,50,7.15,2,6.9% Summer Deration,70,504,7.15,Almond Power Plant 1  Ceres CA,,
CowlitzST,CowlitzS,1,WCASCADE 20 {4232},40309_COWL CCP,Other Steam,BPA,Washington,131,12.12,5.001,2.7% Summer Deration,30,912,7.1,Cowlitz Falls ST  Cowlitz R WA,,
EncogenL,EncogenL,1,NORTH G3  20 {4231},42014_ENSERCHL,CC Recent,PSE,Washington,173,7.15,2,6.9% Summer Deration,22,504,7.15,Encogen L  Bellingham WA,,
SumasL,SumasL,1,NORTH G3  20 {4231},42022_SUMAS L,CC Recent,PSE,Washington,132,7.15,2,6.9% Summer Deration,63,504,7.15,,,
TnskFrnL,TnskFrnL,1,NORTH G3  20 {4231},42033_TENASKAL,CC Recent,PSE,Washington,266,7.15,2,6.9% Summer Deration,31,504,7.15,,,
Whithrn1,Whithrn1,2,NORTH G3  20 {4231},42042_WHITHRN2,CT Old Oil,PSE,Washington,74.4,12.47,8.001,12% Summer Deration,30,336,4.08,,,
Whithrn3,Whithrn3,3,NORTH G3  20 {4231},42043_WHITHRN3,CT Old Gas,PSE,Washington,74.4,12.47,8.001,12% Summer Deration,30,336,4.08,,,
Fredonia1,Fredonia,1,NORTH G3  20 {4231},42111_FREDONA1,CT Old Gas,PSE,Washington,104,12.47,8.001,12% Summer Deration,30,336,4.08,Fredonia 1  Burlington WA,,
Fredonia2,Fredonia,2,NORTH G3  20 {4231},42112_FREDONA2,CT Old Gas,PSE,Washington,104,12.47,8.001,12% Summer Deration,30,336,4.08,Fredonia 2  Burlington WA,,
Fredonia3,Fredonia,3,NORTH G3  20 {4231},42114_FREDONA3,CT Small,PSE,Washington,50,9.38,5.001,12% Summer Deration,45,336,4.08,Fredonia 3  Burlington WA,,
Fredonia4,Fredonia,4,NORTH G3  20 {4231},42115_FREDONA4,CT Small,PSE,Washington,50,9.38,5.001,12% Summer Deration,45,336,4.08,Fredonia 4  Burlington WA,,
MarchPntL,MarchPnt,4,NORTH G3  20 {4231},42134_MRPTGENL,CC Old,PSE,Washington,140,7.15,5.001,6.9% Summer Deration,27,504,7.15,,,
Fredrck1,Fredrck1,1,NORTH G3  20 {4231},42721_FREDERC1,CT Old Gas,PSE,Washington,74.4,12.47,8.001,12% Summer Deration,30,336,4.08,Frederickson 1  Tacoma WA,,
Fredrck2,Fredrck2,2,NORTH G3  20 {4231},42722_FREDERC2,CT Old Gas,PSE,Washington,74.4,12.47,8.001,12% Summer Deration,30,336,4.08,Frederickson 2  Tacoma WA,,
BEAVER_1,BEAVER_1,1,WCASCADE 20 {4232},43017_BEAVER,CC Old,PGN,Oregon,519,7.15,5.001,6.9% Summer Deration,12,504,7.15,Beaver 1  Clatskanie OR,,
CytSpgsA,CytSpgsA,1,JOHN DAY  20 {4035},43119_COYO S1,CC Recent,PGN,Oregon,250,7.15,2,6.9% Summer Deration,68,504,7.15,Coyote Springs CC1A  Boardman OR,,
PGECovanta,PGECovan,1,WCASCADE 20 {4232},43377_COVANTA,Other Steam,PGN,Oregon,15.39,12.12,5.001,2.7% Summer Deration,30,912,7.1,,,
Biomass,Biomass,1,WCASCADE 20 {4232},45026_BIOMASS,Other Steam,PACW,Oregon,24,12.12,5.001,2.7% Summer Deration,30,912,7.1,Biomass QF,,
FtJames1,FtJames1,1,WCASCADE 20 {4232},45297_TROUTDAL,Other Steam,PACW,Washington,37,12.12,5.001,2.7% Summer Deration,30,912,7.1,Ft  James Cogen 1  Camus WA,,
KlmthStm,KlmthStm,1,MALIN    20 {4031},45447_KFALL ST,CC Frame F,PACW,Oregon,190,7.15,2,6.9% Summer Deration,63,504,7.15,,,
KlmthCgn,KlmthCgn,1,MALIN    20 {4031},45448_KFALLCT1,CC Frame F,PACW,Oregon,175,7.15,2,6.9% Summer Deration,69,504,7.15,,,
Hermstn1B,Hermstn1,2,JOHN DAY  20 {4035},45455_HERM 1S,CC Frame F,PACW,Oregon,86,7.51,2,6.9% Summer Deration,30,360,5.5,,,
Hermstn2B,Hermstn2,2,JOHN DAY  20 {4035},45457_HERM 2S,CC Frame F,PACW,Oregon,86,7.51,2,6.9% Summer Deration,30,360,5.5,,,
Vine,Vine,1,WCASCADE 20 {4232},45517_VINE,Other Steam,PACW,Oregon,40,12.12,5.001,2.7% Summer Deration,30,912,7.1,,,
Everett,Everett,1,NORTH G3  20 {4231},45850_KIMCLK L,Other Steam,BPA,Washington,47,12.12,5.001,2.7% Summer Deration,30,912,7.1,Everett Cogen,,
Wycnrgy1,Wycnrgy1,1,WCASCADE 20 {4232},46266_WEYCO 3,CT Old Gas,BPA,Oregon,12.2,12.47,8.001,12% Summer Deration,30,168,5.52,,,
Wycnrgy2,Wycnrgy2,1,WCASCADE 20 {4232},46268_WEYCO 4,CT Old Gas,BPA,Oregon,35,12.47,8.001,12% Summer Deration,30,168,3.74,,,
RvrRdCC1,RvrRdCC1,1,JOHN DAY  20 {4035},47216_RVR RD C,CC Frame F,BPA,Washington,260,7.15,2,6.9% Summer Deration,65,504,7.15,,,
Wauna2,Wauna2,2,WCASCADE 20 {4232},47290_WAUNA,CC Recent,BPA,Oregon,35,7.15,2,6.9% Summer Deration,69,504,7.15,,,
Finley,Finley,1,DALLES21  20 {4039},47311_FINLEY G,CT Small,BPA,Washington,30,9.79,5.001,12% Summer Deration,45,168,3.74,Finley,,
FredrckST,FredrckS,1,NORTH G3  20 {4231},47576_FREDST S,CC Frame F,BPA,Washington,270,7.53,2,6.9% Summer Deration,63,504,7.15,Frederickson Power 1 - ST,,
ChhlsGn3,ChhlsGn3,1,WCASCADE 20 {4232},47590_CHEH S1,CC Frame F,BPA,Washington,640,7.15,2,6.9% Summer Deration,31,504,7.15,Chehalis Generation Facility 3,,
HermstGT2,HermstGT,2,JOHN DAY  20 {4035},47640_HPP G2,CC Frame F,BPA,Oregon,434,7.15,2,6.9% Summer Deration,43,504,7.15,,,
HermstST1,HermstST,1,JOHN DAY  20 {4035},47641_HPP S1,CC Frame F,BPA,Oregon,750,7.46,2,6.9% Summer Deration,24,504,7.15,,,
MorrwPwr,MorrwPwr,1,MALIN    20 {4031},47658_MORRO G1,CT Small,BPA,Oregon,24.79,9.79,5.001,12% Summer Deration,45,168,3.74,,,
KlamGT1,KlamGT1,1,MALIN    20 {4031},47660_KLAM ADD,CT Small,PACW,Oregon,50,9.38,5.001,12% Summer Deration,45,336,4.08,,,
KlamGT2,KlamGT2,2,MALIN    20 {4031},47660_KLAM ADD,CT Small,PACW,Oregon,50,9.38,5.001,12% Summer Deration,45,336,4.08,,,
GEPST1,GEPST1,1,DALLES21  20 {4039},47688_GEC S1,CC Frame F,BPA,Washington,303,7.3,2,6.9% Summer Deration,64,504,7.15,Goldendale Energy Project ST,,
BigHanafrdST,BigHanaf,5,WCASCADE 20 {4232},47737_BHP 70,CC Frame F,BPA,Washington,260,7.15,2,6.9% Summer Deration,17,504,7.15,Big Hanaford ST  Centralia,,
Northeast1,Northeas,1,HANFORD  20 {4132},48275_NORTHEAS,CT Old Gas,AVA,Washington,68,12.47,8.001,12% Summer Deration,30,336,4.08,,,
RathdrmA1,RathdrmA,1,HANFORD  20 {4132},48359_RATHGEN1,CC Frame F,AVA,Idaho,105,7.37,2,6.9% Summer Deration,71,504,7.15,,,
Rathdrm1,Rathdrm1,1,HANFORD  20 {4132},48359_RATHGEN1,CT Large,AVA,Idaho,105,11.4,5.001,12% Summer Deration,60,336,4.08,,,
RathdrmA2,RathdrmA,2,HANFORD  20 {4132},48361_RATHGEN2,CC Frame F,AVA,Idaho,105,7.37,2,6.9% Summer Deration,71,504,7.15,,,
Rathdrm2,Rathdrm2,1,HANFORD  20 {4132},48361_RATHGEN2,CT Large,AVA,Idaho,105,11.4,5.001,12% Summer Deration,60,336,4.08,,,
SpknMSW1,SpknMSW1,1,HANFORD  20 {4132},48407_SPKWASTE,Other Steam,AVA,Washington,23,12.12,5.001,2.7% Summer Deration,30,912,7.1,,,
Potlatch3,Potlatch,3,HANFORD  20 {4132},48482_CWGEN3,Other Steam,AVA,Idaho,33.29,12.12,5.001,2.7% Summer Deration,30,912,7.1,,,
Potlatch4,Potlatch,4,HANFORD  20 {4132},48483_CWGEN4,Other Steam,AVA,Idaho,50,12.12,5.001,2.7% Summer Deration,30,912,7.1,,,
CytSpgsST2,CytSpgsS,1,JOHN DAY  20 {4035},48518_COYO S2,CC Frame F,AVA,Oregon,250,7.15,2,6.9% Summer Deration,68,504,7.15,Coyote Springs Steam 2,,
BoulderPk,BoulderP,1,HANFORD  20 {4132},48526_BOULDERG,IC,AVA,Washington,24,10.12,13.25,2.7% Summer Deration,8,912,3.6,AVA - Boulder Park  Spokane,,
Powell1,Powell1,1,CANAD G1 20 {5031},50011_POW132,CT Old Gas,BCTC,British Columbia,120,12.47,8.001,12% Summer Deration,30,336,4.08,,,
Walden1,Walden1,1,CANAD G1 20 {5031},50181_WDN 66,CT Old Gas,BCTC,British Columbia,17.89,12.47,8.001,12% Summer Deration,30,168,5.52,,,
SooRiver1,SooRiver,1,CANAD G1 20 {5031},50293_SOR IPP,CT Old Gas,BCTC,British Columbia,12,12.47,8.001,12% Summer Deration,30,168,5.52,,,
RuprtGT1,RuprtGT1,1,CANAD G1 20 {5031},50435_RPG G1,CT Old Gas,BCTC,British Columbia,33,12.47,8.001,12% Summer Deration,30,168,3.74,,,
RuprtGT2,RuprtGT2,1,CANAD G1 20 {5031},50436_RPG G2,CT Old Gas,BCTC,British Columbia,33,12.47,8.001,12% Summer Deration,30,168,3.74,,,
WstCstn1,WstCstn1,1,CANAD G1 20 {5031},50511_MCM1IPP,CT Small,BCTC,British Columbia,69,11.79,5.001,12% Summer Deration,45,336,4.08,,,
WstCstn2,WstCstn2,1,CANAD G1 20 {5031},50512_MCM2IPP,CT Small,BCTC,British Columbia,69,11.79,5.001,12% Summer Deration,45,336,4.08,,,
Alkokolex,Alkokole,1,CANAD G1 20 {5031},50918_AKO IPP,CT Old Gas,BCTC,British Columbia,10,12.47,8.001,12% Summer Deration,30,168,5.52,Alkokolex IPP  South Interior East  BC,,
BrrrdTh1,BrrrdTh1,1,CMAIN GM 20 {5032},50975_BGS G1,Steam Large Recent,BCTC,British Columbia,150,9.79,3.001,2.7% Summer Deration,17,672,9.14,Burrard Thermal 1  Ioco BC,,
BrrrdTh2,BrrrdTh2,1,CMAIN GM 20 {5032},50976_BGS G2,Steam Large Recent,BCTC,British Columbia,150,9.79,3.001,2.7% Summer Deration,17,672,9.14,Burrard Thermal 2  Ioco BC,,
BrrrdTh3,BrrrdTh3,1,CMAIN GM 20 {5032},50977_BGS G3,Steam Large Recent,BCTC,British Columbia,150,9.79,3.001,2.7% Summer Deration,17,672,9.14,Burrard Thermal 3  Ioco BC,,
BrrrdTh4,BrrrdTh4,1,CMAIN GM 20 {5032},50978_BGS G4,Steam Large Recent,BCTC,British Columbia,150,9.79,3.001,2.7% Summer Deration,17,672,9.14,Burrard Thermal 4  Ioco BC,,
BrrrdTh5,BrrrdTh5,1,CMAIN GM 20 {5032},50979_BGS G5,Steam Large Recent,BCTC,British Columbia,152,9.79,3.001,2.7% Summer Deration,17,672,9.14,Burrard Thermal 5  Ioco BC,,
BrrrdTh6,BrrrdTh6,1,CMAIN GM 20 {5032},50980_BGS G6,Steam Large Recent,BCTC,British Columbia,152,9.79,3.001,2.7% Summer Deration,17,672,9.14,Burrard Thermal 6  Ioco BC,,
Crestbrook,Crestbro,1,CANAD G1 20 {5031},51037_CRS 13,CT Old Gas,BCTC,British Columbia,50,12.47,8.001,12% Summer Deration,30,336,4.08,Crestbrook Forest Co-Gen  South Interior East  BC,,
IslndCgn,IslndCgn,1,CANAD G1 20 {5031},51039_ICG IPP,CC Frame F,BCTC,British Columbia,240,7.15,2,6.9% Summer Deration,71,504,7.15,,,
ElkFallsMill,ElkFalls,1,CANAD G1 20 {5031},51049_EFM T104,CT Old Gas,BCTC,British Columbia,28,12.47,8.001,12% Summer Deration,30,168,3.74,Elk Falls Mill Co-Gen  Central Vancouver Island  B,,
MillerCrk,MillerCr,1,CANAD G1 20 {5031},51054_MCP IPP,CT Old Gas,BCTC,British Columbia,32,12.47,8.001,12% Summer Deration,30,168,3.74,,,
Riverside,Riversid,1,CANAD G1 20 {5031},51104_RVG G1,CT Old Gas,BCTC,British Columbia,21,12.47,8.001,12% Summer Deration,30,168,3.74,,,
Weldwood1,Weldwd1,1,CMAIN GM 20 {5032},54014_WESGEN 9,Steam Small Recent,AESO,Alberta,19,10.44,5.001,2.7% Summer Deration,19,912,7.1,,,
Weldwood2,Weldwd2,1,CMAIN GM 20 {5032},54014_WESGEN 9,Steam Small Recent,AESO,Alberta,29,10.44,5.001,2.7% Summer Deration,19,912,7.1,,,
WstlckD1,WstlckD1,1,CMAIN GM 20 {5032},54014_WESGEN 9,Other Steam,AESO,Alberta,16.9,12.12,5.001,2.7% Summer Deration,30,912,7.1,,,
DowChmcl2,DowChmcl,2,CMAIN GM 20 {5032},54054_DOW GEN2,CC Recent,AESO,Alberta,110,7.15,2,6.9% Summer Deration,64,504,7.15,Dow Chemical 2  Ft Saskatchewan,,
Drayton,Drayton,1,CMAIN GM 20 {5032},54332_DVPL IA9,Other Steam,AESO,Alberta,11.6,12.12,5.001,2.7% Summer Deration,30,912,7.1,Drayton Valley IPP  AB,,
WhtcrtP1,WhtcrtP1,1,CMAIN GM 20 {5032},54408_WHITEGE9,Other Steam,AESO,Alberta,33,12.12,5.001,2.7% Summer Deration,30,912,7.1,,,
DowChmcl1,DowChmcl,1,CMAIN GM 20 {5032},54454_DOW GEN1,CC Recent,AESO,Alberta,110,7.15,2,6.9% Summer Deration,64,504,7.15,Dow Chemical 1  Ft Saskatchewan,,
AUR_GTG2,AUR_GTG2,2,CMAIN GM 20 {5032},54514_CLOVERB4,GTC,AESO,Alberta,26,3.95,21,5% Summer Deration,48,360,3.6,AUR_GTG2,,
SYNC_UE4,SYNC_UE4,4,CMAIN GM 20 {5032},54514_CLOVERB4,GTC,AESO,Alberta,7,3.95,21,5% Summer Deration,48,360,3.6,,,
SYNC_UE5,SYNC_UE5,5,CMAIN GM 20 {5032},54514_CLOVERB4,GTC,AESO,Alberta,15,3.95,21,5% Summer Deration,48,360,3.6,,,
AirLiqd1,AirLiqd1,1,CMAIN GM 20 {5032},54627_AIR LIQC,CC Recent,AESO,Alberta,89,7.15,2,6.9% Summer Deration,56,504,7.15,Air Liquide 1  Scotford AB,,
MedcnHt10,MedcnHt1,10,CMAIN GM 20 {5032},54683_CMH7&10R,CT Small,AESO,Alberta,28.19,9.79,5.001,12% Summer Deration,45,168,3.74,,,
MedcnHt7,MedcnHt7,7,CMAIN GM 20 {5032},54683_CMH7&10R,CT Old Gas,AESO,Alberta,29.9,12.47,8.001,12% Summer Deration,30,168,3.74,,,
MedcnHt12,MedcnHt1,12,CMAIN GM 20 {5032},54686_CMH 12 9,Steam Small Recent,AESO,Alberta,39.79,10.61,5.001,2.7% Summer Deration,19,336,4.49,,,
MedcnHt11,MedcnHt1,11,CMAIN GM 20 {5032},54687_CMH 11R9,CT Small,AESO,Alberta,27.9,9.79,5.001,12% Summer Deration,45,168,3.74,,,
MedcnHt8,MedcnHt8,8,CMAIN GM 20 {5032},54688_CMH 8  9,CT Old Gas,AESO,Alberta,44.9,12.47,8.001,12% Summer Deration,30,168,3.74,,,
MedcnHt9,MedcnHt9,9,CMAIN GM 20 {5032},54689_CMH 9  9,CT Old Gas,AESO,Alberta,44.9,12.47,8.001,12% Summer Deration,30,168,3.74,,,
Sturgeon1,Sturgn1,1,CMAIN GM 20 {5032},54691_LTH241S1,CT Small,AESO,Alberta,10,11.25,5.001,12% Summer Deration,45,360,3.6,,,
Sturgeon2,Sturgn2,1,CMAIN GM 20 {5032},54691_LTH241S1,CT Small,AESO,Alberta,8,11.25,5.001,12% Summer Deration,45,360,3.6,,,
MedcnHt5,MedcnHt5,5,CMAIN GM 20 {5032},54700_MEDICIN8,CT Old Gas,AESO,Alberta,15.39,12.47,8.001,12% Summer Deration,30,168,5.52,,,
MedcnHt3,MedcnHt3,3,CMAIN GM 20 {5032},54712_CMH 3R 9,Steam Small Recent,AESO,Alberta,37.79,10.61,5.001,2.7% Summer Deration,19,336,4.49,,,
FrtNelsn1,FrtNelsn,1,CMAIN GM 20 {5032},55015_FORT NE9,CT Small,AESO,Alberta,49,9.38,5.001,12% Summer Deration,45,168,3.74,Fort Nelson 1  AB,,
Rainbw1,Rainbw1,1,CMAIN GM 20 {5032},55031_RBW 1,CT Old Gas,AESO,Alberta,30,12.47,8.001,12% Summer Deration,30,168,3.74,,,
Rainbw2,Rainbw2,2,CMAIN GM 20 {5032},55032_RBW 2,CT Old Gas,AESO,Alberta,40,12.47,8.001,12% Summer Deration,30,168,3.74,,,
Rainbw3,Rainbw3,3,CMAIN GM 20 {5032},55033_RBW 3,CT Old Gas,AESO,Alberta,20,12.47,8.001,12% Summer Deration,30,168,3.74,,,
Rainbw4,Rainbw4,4,CMAIN GM 20 {5032},55035_RBW 4,CT Small,AESO,Alberta,45,9.38,5.001,12% Summer Deration,45,168,3.74,,,
Rainbw56,Rainbw56,5,CMAIN GM 20 {5032},55037_RBW5,CT Small,AESO,Alberta,45,9.38,5.001,12% Summer Deration,45,168,3.74,,,
Sturg3VV,Sturg3VV,1,CMAIN GM 20 {5032},55171_VALLEYVI,CT Small,AESO,Alberta,45,9.38,5.001,12% Summer Deration,45,168,3.74,,,
ValleyView1,VlyView1,1,CMAIN GM 20 {5032},55171_VALLEYVI,CT Small,AESO,Alberta,45,11.25,5.001,12% Summer Deration,45,360,3.6,,,
BearCrk1,BearCrk1,1,CMAIN GM 20 {5032},56142_BEARCK2,CC Frame F,AESO,Alberta,86,7.15,2,6.9% Summer Deration,60,504,7.15,Bear Creek (Grande Prairie) 1,,
Foster Creek2,Foster C,2,CMAIN GM 20 {5032},56302_FCG2,CT Small,AESO,Alberta,45,9.38,5.001,12% Summer Deration,45,168,3.74,Foster Creek 1  Cold Lake  AB,,
JoffrCgnP,JoffrCgn,3,CMAIN GM 20 {5032},56357_NOVA ST1,CC Frame F,AESO,Alberta,485,7.15,2,6.9% Summer Deration,35,504,7.15,,,
ScotfordST,SctfrdST,2,CMAIN GM 20 {5032},56885_SCOTF ST,CC Frame F,AESO,Alberta,184,7.15,2,6.9% Summer Deration,51,504,7.15,,,
ELMWORTH_5,ELMWORTH,5,CMAIN GM 20 {5032},57134_ELMWORTH,IC,AESO,Alberta,3,10.12,13.25,2.7% Summer Deration,8,912,3.6,Northstone Grande Prairie,,
MuskgRvr1,MuskgRvr,1,CMAIN GM 20 {5032},57236_MUSKEG4,CT Large,AESO,Alberta,75,11.79,5.001,12% Summer Deration,60,336,4.08,,,
Mackay,Mackay,1,CMAIN GM 20 {5032},57274_MACKAY2,CT Large,AESO,Alberta,170,10.58,5.001,12% Summer Deration,60,336,4.08,,,
MuskgRvr2,MuskgRvr,2,CMAIN GM 20 {5032},57836_MUSKEG6,CT Large,AESO,Alberta,75,11.79,5.001,12% Summer Deration,60,336,4.08,,,
GrndPrairieCG,GrndPrCG,1,CMAIN GM 20 {5032},57901_MCBRIDE2,Other Steam,AESO,Alberta,25,12.12,5.001,2.7% Summer Deration,30,912,7.1,,,
DowABST,DowABST,2,CMAIN GM 20 {5032},58030_DOWSTG 9,CC Recent,AESO,Alberta,130,7.15,2,6.9% Summer Deration,62,504,7.15,Dow ST  Fort Saskatchewan  AB,,
Calgary1,Calgary1,1,CMAIN GM 20 {5032},58187_CECGT,CC Frame F,AESO,Alberta,213,7.4,2,6.9% Summer Deration,74,504,7.15,Calgary EC1,,
ColdLake2,ColdLake,2,CMAIN GM 20 {5032},58248_MAHKE-G2,CT Large,AESO,Alberta,76.5,11.79,5.001,12% Summer Deration,60,336,4.08,Cold Lake 2 (Mahkeses),,
Carslnd1,Carslnd1,1,CMAIN GM 20 {5032},58251_CARSELA1,CT Small,AESO,Alberta,40,9.38,5.001,12% Summer Deration,45,168,3.74,Carseland 1,,
Primros1,Primros1,1,CMAIN GM 20 {5032},58302_PRIM GEN,CT Large,AESO,Alberta,95,11.79,5.001,12% Summer Deration,60,336,4.08,,,
NovaJffr1A,NovaJffr,1,CMAIN GM 20 {5032},58354_NOVA GT1,CC Frame F,AESO,Alberta,170,7.51,2,6.9% Summer Deration,30,360,5.5,,,
NovaJffr1B,NovaJffr,2,CMAIN GM 20 {5032},58355_NOVA GT2,CC Frame F,AESO,Alberta,170,7.51,2,6.9% Summer Deration,30,360,5.5,,,
Redwater,Redwater,1,CMAIN GM 20 {5032},58750_REDW GT,CT Small,AESO,Alberta,40.8,9.38,5.001,12% Summer Deration,45,168,3.74,,,
ColdLake1,ColdLake,1,CMAIN GM 20 {5032},58948_MAHKE-G1,CT Large,AESO,Alberta,76.5,11.79,5.001,12% Summer Deration,60,336,4.08,Cold Lake 1 (Mahkeses),,
Cavalier1,Cavalier,1,CMAIN GM 20 {5032},59247_CAVAL_A,CC Recent,AESO,Alberta,107,7.15,2,6.9% Summer Deration,38,504,7.15,Cavalier 1,,
Carslnd2,Carslnd2,2,CMAIN GM 20 {5032},59251_CARSELA2,CT Small,AESO,Alberta,40,9.38,5.001,12% Summer Deration,45,168,3.74,Carseland 2,,
Balzac1,Balzac1,1,CMAIN GM 20 {5032},59290_BALZ 3,CC Recent,AESO,Alberta,167,7.15,2,6.9% Summer Deration,24,504,7.15,Balzac CC1,,
Foster Creek1,Foster C,1,CMAIN GM 20 {5032},59301_FCG1,CT Small,AESO,Alberta,45,9.38,5.001,12% Summer Deration,45,168,3.74,Foster Creek 1  Cold Lake  AB,,
PplrHll1,PplrHll1,1,CMAIN GM 20 {5032},59918_POPLAR-4,CT Small,AESO,Alberta,45,9.38,5.001,12% Summer Deration,45,168,3.74,,,
DanskCT1,DanskCT1,1,MIDPOINT 20 {6132},60391_DNPR CT1,CT Small,TREAS VLY,Idaho,160,12.47,5.001,12% Summer Deration,45,168,3.74,Bennett Mtn CT,,
DanskCT2,DanskCT2,2,MIDPOINT 20 {6132},60392_DNPR CT2,CT Small,TREAS VLY,Idaho,45,12.47,5.001,12% Summer Deration,45,168,3.74,Danskin CT1,,
DanskST1,DanskST1,1,MIDPOINT 20 {6132},60393_DNPR CT3,CT Small,TREAS VLY,Idaho,45,10.23,5.001,12% Summer Deration,45,336,4.49,Danskin CT2,,
Basin Creek Gen.,Basin Cr,1,MONTA G1  20 { 6235},62018_BASNCKGN,CT Large,NWMT,Montana,54,9.38,5.001,12% Summer Deration,60,336,4.08,Basin Creek Gen 1-9 Butte MT,,
Billings1,Billings,1,MONTA G1  20 { 6235},62042_BILGEN I,PC Steam,NWMT,Montana,65,10.12,5.001,2.7% Summer Deration,8,912,7.1,Billings Generation Inc  Billings MT,,
ClarkMnt1,ClarkMnt,1,VALMY    20 {6433},64028_CLARKMT3,CT Small,SPP,Nevada,70,11.79,5.001,12% Summer Deration,45,336,4.08,Clark Mountain GT1  Sparks NV,,
ClarkMnt4,ClarkMnt,4,VALMY    20 {6433},64029_CLARKMT4,CT Small,SPP,Nevada,70,11.79,5.001,12% Summer Deration,45,336,4.08,Clark Mountain GT4  Sparks NV,,
FrtChurch1,FrtChurc,1,VALMY    20 {6433},64046_FT CH G1,Steam Large Recent,SPP,Nevada,117,9.74,3.001,2.7% Summer Deration,17,672,9.14,Fort Churchill 1  Yerington NV,,
FrtChurch2,FrtChurc,2,VALMY    20 {6433},64047_FT CH G2,Steam Large Recent,SPP,Nevada,117,9.95,3.001,2.7% Summer Deration,17,672,9.14,Fort Churchill 2  Yerington NV,,
Loyaltn1,Loyaltn1,1,VALMY    20 {6433},64068_LOYALTON,Other Steam,SPP,California,23,12.12,5.001,2.7% Summer Deration,30,912,7.1,,,
TracyST1,TracyST1,1,VALMY    20 {6433},64117_TRACY G1,Steam Small Recent,SPP,Nevada,55.2,11.77,5.001,2.7% Summer Deration,19,336,4.49,,,
TracyST2,TracyST2,1,VALMY    20 {6433},64118_TRACY G2,Steam Small Recent,SPP,Nevada,86,10.56,5.001,2.7% Summer Deration,19,336,4.49,,,
PinonPn2,PinonPn2,1,VALMY    20 {6433},64120_TRACY G4,CC Recent,SPP,Nevada,193,7.15,2,6.9% Summer Deration,59,504,7.15,,,
PinonPn3,PinonPn3,1,VALMY    20 {6433},64121_TRACY G5,CT Small,SPP,Nevada,46.2,12.47,5.001,12% Summer Deration,45,168,3.74,,,
Winnmcc1,Winnmcc1,1,VALMY    20 {6433},64142_WINN SUB,CT Old Gas,SPP,Nevada,20,12.47,8.001,12% Summer Deration,30,168,3.74,,,
TRICntr3,TRICntr3,3,VALMY    20 {6433},64335_NANIWAG3,CT Large,SPP,Nevada,72,11.79,5.001,12% Summer Deration,60,336,4.08,,,
TRICntr4,TRICntr4,4,VALMY    20 {6433},64335_NANIWAG3,CT Large,SPP,Nevada,72,11.79,5.001,12% Summer Deration,60,336,4.08,,,
TRICntr5,TRICntr5,5,VALMY    20 {6433},64337_NANIWAG5,CT Large,SPP,Nevada,72,11.79,5.001,12% Summer Deration,60,336,4.08,,,
TRICntr6,TRICntr6,6,VALMY    20 {6433},64337_NANIWAG5,CT Large,SPP,Nevada,72,11.79,5.001,12% Summer Deration,60,336,4.08,,,
TRICntr1,TRICntr1,1,VALMY    20 {6433},64339_NANIWAG1,CT Large,SPP,Nevada,72,11.79,5.001,12% Summer Deration,60,336,4.08,,,
TRICntr2,TRICntr2,2,VALMY    20 {6433},64339_NANIWAG1,CT Large,SPP,Nevada,72,11.79,5.001,12% Summer Deration,60,336,4.08,,,
CurrantST,CurrantS,1,EMERY     20 {6533},65393_CURRNTS1,CC Frame F,UT N,Utah,525,7.52,2,6.9% Summer Deration,40,504,7.15,Currant Creek ST (1 @ 195MW),,
DesertP1,DesertP1,1,EMERY     20 {6533},65459_DESERT P,CT Small,UT N,Utah,35,9.38,5.001,12% Summer Deration,45,168,3.74,Desert Power 1 (PACE),,
DesertP2,DesertP2,2,EMERY     20 {6533},65459_DESERT P,CT Small,UT N,Utah,35,9.38,5.001,12% Summer Deration,45,168,3.74,Desert Power 2 (PACE),,
Gadsby 3,Gadsby 3,1,EMERY     20 {6533},65610_GADSBY 3,Steam Large Old,UT N,Utah,100,10.16,5.001,2.7% Summer Deration,8,672,9.14,Gadsby 3  Salt Lake City UT,,
Gadsby 4,Gadsby 4,1,EMERY     20 {6533},65612_GADSBY 4,CT Small,UT N,Utah,40,9.38,5.001,12% Summer Deration,45,168,3.74,Gadsby 4  Salt Lake City UT,,
Gadsby 8,Gadsby 8,1,EMERY     20 {6533},65613_GADSBY 5,CC Frame F,UT N,Utah,172,7.15,2,6.9% Summer Deration,70,504,7.15,Gadsby 8  Salt Lake City UT,,
Gadsby 5,Gadsby 5,1,EMERY     20 {6533},65613_GADSBY 5,CT Small,UT N,Utah,40,9.38,5.001,12% Summer Deration,45,168,3.74,Gadsby 5  Salt Lake City UT,,
Gadsby 7,Gadsby 7,1,EMERY     20 {6533},65614_GADSBY 6,CC Frame F,UT N,Utah,172,7.15,2,6.9% Summer Deration,70,504,7.15,Gadsby 7  Salt Lake City UT,,
Gadsby 6,Gadsby 6,1,EMERY     20 {6533},65614_GADSBY 6,CT Small,UT N,Utah,40,9.38,5.001,12% Summer Deration,45,168,3.74,Gadsby 6  Salt Lake City UT,,
UMPSgnr3,UMPSgnr3,3,EMERY     20 {6533},66582_TWCITIES,CT Old Gas,UT S,Utah,15,12.47,8.001,12% Summer Deration,30,168,5.52,,,
KNNCTT4,KNNCTT4,1,EMERY     20 {6533},66610_UPP G2,CC Frame F,UT N,Utah,50,7.15,2,6.9% Summer Deration,70,504,7.15,,,
WstVlly1,WstVlly1,1,EMERY     20 {6533},66801_W VAL 1,CT Small,UT N,Utah,40,9.38,5.001,12% Summer Deration,45,168,3.74,,,
WstVlly2,WstVlly2,1,EMERY     20 {6533},66802_W VAL 2,CT Small,UT N,Utah,40,9.38,5.001,12% Summer Deration,45,168,3.74,,,
WstVlly3,WstVlly3,1,EMERY     20 {6533},66803_W VAL 3,CT Small,UT N,Utah,40,9.38,5.001,12% Summer Deration,45,168,3.74,,,
WstVlly4,WstVlly4,1,EMERY     20 {6533},66804_W VAL 4,CT Small,UT N,Utah,40,9.38,5.001,12% Summer Deration,45,168,3.74,,,
WstVlly5,WstVlly5,1,EMERY     20 {6533},66805_W VAL 5,CT Small,UT N,Utah,40,9.38,5.001,12% Summer Deration,45,168,3.74,,,
ThrmFtL1,ThrmFtL1,1,COLOEAST 20 {7031},70010_QF MNFRT,CC Recent,PSC,Colorado,181,7.15,2,6.9% Summer Deration,18,504,7.15,,,
LamrPlt1,LamrPlt1,1,COLOEAST 20 {7031},70133_CTY LAM,CC Frame F,PSC,Colorado,25,7.15,2,6.9% Summer Deration,60,504,7.15,,,
Fruita1,Fruita1,1,COLOEAST 20 {7031},70180_FRUITA,CT Old Gas,PSC,Colorado,17,12.47,8.001,12% Summer Deration,30,168,5.52,Fruita 1  Fruita CO,,
FrtLuptn1,FrtLuptn,1,COLOEAST 20 {7031},70188_FTLUP1-2,CT Old Gas,PSC,Colorado,50,12.47,8.001,12% Summer Deration,30,336,4.08,Fort Lupton 1  Fort Lupton CO,,
FrtLuptn2,FrtLuptn,2,COLOEAST 20 {7031},70188_FTLUP1-2,CT Old Gas,PSC,Colorado,50,12.47,8.001,12% Summer Deration,30,336,4.08,Fort Lupton 2  Fort Lupton CO,,
Manchif1,Manchif1,1,COLOEAST 20 {7031},70314_MANCHEF1,CT Large,PSC,Colorado,140,10.58,5.001,12% Summer Deration,60,336,4.08,,,
Manchif2,Manchif2,1,COLOEAST 20 {7031},70315_MANCHEF2,CT Large,PSC,Colorado,140,10.58,5.001,12% Summer Deration,60,336,4.08,,,
PublDsl1,PublDsl1,1,COLOEAST 20 {7031},70334_PUB DSLS,Steam Small Recent,PSC,Colorado,10,10.61,5.001,2.7% Summer Deration,19,336,4.49,,,
Pueblo 6,Pueblo 6,1,COLOEAST 20 {7031},70337_PUEBLO,Steam Small Old,PSC,Colorado,20,10.61,5.001,2.7% Summer Deration,30,336,4.49,,,
RockyFrd,RockyFrd,1,COLOEAST 20 {7031},70344_R.F.DSLS,Steam Small Old,PSC,Colorado,10,10.61,5.001,2.7% Summer Deration,30,336,4.49,,,
RawhdGT1,RawhdGT1,1,COLOEAST 20 {7031},70351_RAWHIDEA,CT Small,PSC,Colorado,62.99,11.79,5.001,12% Summer Deration,45,336,4.08,,,
FrtStVrainRP,FrtStVra,20,COLOEAST 20 {7031},70409_ST.VRAIN,CC Recent,PSC,Colorado,704,7.15,2,6.9% Summer Deration,18,504,7.15,Fort St Vrain Repower Phase 3,,
Valmont6,Valmont6,1,COLOEAST 20 {7031},70448_VALMONT6,CT Old Gas,PSC,Colorado,53,12.47,8.001,12% Summer Deration,30,336,4.08,,,
Zuni1,Zuni1,1,COLOEAST 20 {7031},70478_ZUNI1,Steam Small Old,PSC,Colorado,42,12.12,5.001,2.7% Summer Deration,30,336,4.49,,,
Zuni2,Zuni2,1,COLOEAST 20 {7031},70479_ZUNI2,Steam Small Old,PSC,Colorado,73,12.12,5.001,2.7% Summer Deration,30,336,4.49,,,
AlamsGT1,AlamsGT1,1,COLOEAST 20 {7031},70485_ALMSACT1,CT Old Gas,PSC,Colorado,17,12.47,8.001,12% Summer Deration,30,168,5.52,Alamosa GT1  Alamosa CO,,
AlamsGT2,AlamsGT2,1,COLOEAST 20 {7031},70486_ALMSACT2,CT Old Gas,PSC,Colorado,19,12.47,8.001,12% Summer Deration,30,168,5.52,Alamosa GT2  Alamosa CO,,
ThrmCrbB,ThrmCrbB,2,COLOEAST 20 {7031},70487_QF TC-T4,CC Recent,PSC,Colorado,33,8.45,2,6.9% Summer Deration,60,360,5.5,,,
Thrmnds1,Thrmnds1,1,COLOEAST 20 {7031},70493_QF TI-T2,CC Recent,PSC,Colorado,116,7.15,2,6.9% Summer Deration,28,504,7.15,,,
Thrmnd2B,Thrmnd2B,2,COLOEAST 20 {7031},70495_QF TI-T1,CC Recent,PSC,Colorado,33,8.45,2,6.9% Summer Deration,60,360,5.5,,,
BrsCgn12,BrsCgn12,2,COLOEAST 20 {7031},70498_QF BCP2T,CC Recent,PSC,Colorado,115,7.15,2,6.9% Summer Deration,26,504,7.15,Brush Cogen Partners 1-2  Brush CO,,
ColoPwPr2#1,ColoPwPr,21,COLOEAST 20 {7031},70501_QF CPP3T,CC Recent,PSC,Colorado,75,7.15,2,6.9% Summer Deration,32,504,7.15,Colo  Power Partners 2 #1  Brush CO,,
Greeley3,Greeley3,3,COLOEAST 20 {7031},70502_QF UNC,CC Recent,PSC,Colorado,75,7.15,2,6.9% Summer Deration,39,504,7.15,,,
AptDiesl,AptDiesl,1,COLOEAST 20 {7031},70548_APT DSLS,Steam Small Old,PSC,Colorado,10,10.61,5.001,2.7% Summer Deration,30,336,4.49,Airport diesel   Peoplo CO,,
BrsCgn3,BrsCgn3,1,COLOEAST 20 {7031},70556_QF B4D4T,CC Recent,PSC,Colorado,70,7.15,2,6.9% Summer Deration,36,504,7.15,Brush Cogen Partners 3  Brush CO,,
LAMAR DC_1,LAMAR DC,1,COLOEAST 20 {7031},70560_LAMAR DC,CT Old Gas,PSC,Colorado,210,12.47,8.001,12% Summer Deration,30,336,4.08,,,
BluSprc1,BluSprc1,1,COLOEAST 20 {7031},70562_SPRUCE1,CT Large,PSC,Colorado,140,10.58,5.001,12% Summer Deration,60,336,4.08,Blue Spruce 1,,
BluSprc2,BluSprc2,1,COLOEAST 20 {7031},70563_SPRUCE2,CT Large,PSC,Colorado,140,10.58,5.001,12% Summer Deration,60,336,4.08,Blue Spruce 2,,
BARRLAK1_1,BARRLAK1,1,COLOEAST 20 {7031},70565_BRTNNUG1,CT Large,PSC,Colorado,64,11.79,5.001,12% Summer Deration,60,336,4.08,Barr Lake 1  Brighton CO,,
BARRLAK2_1,BARRLAK2,1,COLOEAST 20 {7031},70566_BRTNNUG2,CT Large,PSC,Colorado,64,11.79,5.001,12% Summer Deration,60,336,4.08,Barr Lake 2  Brighton CO,,
RawhdGT4,RawhdGT4,1,COLOEAST 20 {7031},70567_RAWHIDED,CT Small,PSC,Colorado,62.99,11.79,5.001,12% Summer Deration,45,336,4.08,,,
RawhdGT2,RawhdGT2,1,COLOEAST 20 {7031},70568_RAWHIDEB,CT Small,PSC,Colorado,62.99,11.79,5.001,12% Summer Deration,45,336,4.08,,,
RawhdGT3,RawhdGT3,1,COLOEAST 20 {7031},70569_RAWHIDEC,CT Small,PSC,Colorado,62.99,11.79,5.001,12% Summer Deration,45,336,4.08,,,
FntnVly1,FntnVly1,1,COLOEAST 20 {7031},70577_FTNVL1-2,CT Small,PSC,Colorado,40,9.38,5.001,12% Summer Deration,45,168,3.74,Fountain Vly/Midway 1  El Paso,,
FntnVly2,FntnVly2,2,COLOEAST 20 {7031},70577_FTNVL1-2,CT Small,PSC,Colorado,40,9.38,5.001,12% Summer Deration,45,168,3.74,Fountain Vly/Midway 2  El Paso,,
FntnVly3,FntnVly3,1,COLOEAST 20 {7031},70578_FTNVL3-4,CT Small,PSC,Colorado,40,9.38,5.001,12% Summer Deration,45,168,3.74,Fountain Vly/Midway 3  El Paso,,
FntnVly4,FntnVly4,2,COLOEAST 20 {7031},70578_FTNVL3-4,CT Small,PSC,Colorado,40,9.38,5.001,12% Summer Deration,45,168,3.74,Fountain Vly/Midway 4  El Paso,,
FntnVly5,FntnVly5,1,COLOEAST 20 {7031},70579_FTNVL5-6,CT Small,PSC,Colorado,40,9.38,5.001,12% Summer Deration,45,168,3.74,Fountain Vly/Midway 5  El Paso,,
FntnVly6,FntnVly6,2,COLOEAST 20 {7031},70579_FTNVL5-6,CT Small,PSC,Colorado,40,9.38,5.001,12% Summer Deration,45,168,3.74,Fountain Vly/Midway 6  El Paso,,
PlnsEnd1,PlnsEnd1,1,COLOEAST 20 {7031},70580_PLNENDD1,CT Small,PSC,Colorado,55,9.38,5.001,12% Summer Deration,45,336,4.08,,,
PlnsEnd2,PlnsEnd2,2,COLOEAST 20 {7031},70580_PLNENDD1,CT Small,PSC,Colorado,55,9.38,5.001,12% Summer Deration,45,336,4.08,,,
RckyMnt3,RckyMnt3,1,COLOEAST 20 {7031},70591_RMEC3,CC Frame F,PSC,Colorado,585,7.72,2,6.9% Summer Deration,33,504,7.15,,,
SIDNEYDC_1,SIDNEYDC,1,COLOEAST 20 {7031},73181_SIDNEYDC,CT Old Gas,WACM,Nebraska,200,12.47,8.001,12% Summer Deration,30,336,4.08,,,
STEGALDC_1,STEGALDC,1,COLOEAST 20 {7031},73188_STEGALDC,CT Old Gas,WACM,Nebraska,100,12.47,8.001,12% Summer Deration,30,336,4.08,,,
BnFrnchGT1,BnFrnchG,1,NAUGHT   20 {6335},73285_BENFRNCH,CT Old Oil,WACM,South Dakota,21.6,12.47,8.001,12% Summer Deration,30,168,3.74,Ben French GT1  Rapid City SD,,
Brlngt11,Brlngt11,1,CRAIG     20 {7032},73302_BRLNGTN1,CT Old Oil,WACM,Colorado,60,12.47,8.001,12% Summer Deration,30,336,4.08,Burlington 11  Burlington CO,,
Brlngt12,Brlngt12,1,CRAIG     20 {7032},73303_BRLNGTN2,CT Old Oil,WACM,Colorado,60,12.47,8.001,12% Summer Deration,30,336,4.08,Burlington 12  Burlington CO,,
GeorgBrds1,GeorgBrd,1,CRAIG     20 {7032},73381_BIRDSAL1,Steam Small Old,WACM,Colorado,23,10.61,5.001,2.7% Summer Deration,30,336,4.49,George Birdsall 1  Co Springs CO,,
GeorgBrds2,GeorgBrd,2,CRAIG     20 {7032},73382_BIRDSAL2,Steam Small Old,WACM,Colorado,17,10.61,5.001,2.7% Summer Deration,30,336,4.49,George Birdsall 2  Co Springs CO,,
GeorgBrds3,GeorgBrd,3,CRAIG     20 {7032},73383_BIRDSAL3,Steam Small Old,WACM,Colorado,17,10.61,5.001,2.7% Summer Deration,30,336,4.49,George Birdsall 3  Co Springs CO,,
RDNixonG2,RDNixonG,2,CRAIG     20 {7032},73434_NIXONCT2,CT Small,WACM,Colorado,40,9.38,5.001,12% Summer Deration,45,168,3.74,,,
RDNixonG1,RDNixonG,1,CRAIG     20 {7032},73435_NIXONCT1,CT Small,WACM,Colorado,40,9.38,5.001,12% Summer Deration,45,168,3.74,,,
FrntRang1,FrntRang,1,CRAIG     20 {7032},73509_FTRNG3CC,CC Frame F,WACM,Colorado,480,7.15,2,6.9% Summer Deration,61,504,7.15,Front Range (ex Nixon 2),,
BnFrnchD1,BnFrnchD,1,NAUGHT   20 {6335},73520_BFDIESEL,IC,WACM,South Dakota,10,10.12,13.25,2.7% Summer Deration,8,912,3.6,Ben French Diesel 1  Rapid City SD,,
BnFrnchD2,BnFrnchD,5,NAUGHT   20 {6335},73520_BFDIESEL,IC,WACM,South Dakota,10,10.12,13.25,2.7% Summer Deration,8,912,3.6,Ben French Diesel 2  Rapid City SD,,
Lincoln1,Lincoln1,1,CRAIG     20 {7032},73532_LINCOLN1,CT Large,WACM,Colorado,77,11.79,5.001,12% Summer Deration,60,336,4.08,,,
Lincoln2,Lincoln2,1,CRAIG     20 {7032},73533_LINCOLN2,CT Large,WACM,Colorado,77,11.79,5.001,12% Summer Deration,60,336,4.08,,,
NSimpGT1,NSimpGT1,1,COLSTRP  20 {6231},74014_NSS_CT1,CT Small,WACM,Wyoming,38.7,9.38,5.001,12% Summer Deration,45,168,3.74,,,
NSimpGT2,NSimpGT2,1,COLSTRP  20 {6231},74015_NSS_CT2,CT Small,WACM,Wyoming,40,9.38,5.001,12% Summer Deration,45,168,3.74,,,
Lange 1,Lange 1,1,NAUGHT   20 {6335},74029_LNG_CT1,CT Small,WACM,South Dakota,38.7,9.38,5.001,12% Summer Deration,45,168,3.74,,,
RCDC W_1,RCDC W_1,1,NAUGHT   20 {6335},76351_RCDC W,CT Old Gas,WACM,South Dakota,200,12.47,8.001,12% Summer Deration,30,336,4.08,,,
AmerAtlas1,AmerAtla,1,CRAIG     20 {7032},79251_QFATLAS1,CC Recent,WACM,Colorado,87,7.15,2,6.9% Summer Deration,21,504,7.15,American Atlas 1  Rifle  CO,,
CtyRvrsd,CtyRvrsd,1,PALOVRD2  20 {1431},84839_RVERSIDE,CT Old Gas,APS,Arizona,56,12.47,8.001,12% Summer Deration,30,336,4.08,City of Riverside generation,,