Unitname,Bus Location in WECC240 Model,Owner,Zone,Capacity(MW),Fuel type,Heat rate(MMBtu/MWh),Availability
ADLIN_1_UNIT 1,FULTON   20 {3531},PGEC,NP15,12,GEOTHERMAL,,0.9
ADLIN_1_UNIT 2,FULTON   20 {3531},PGEC,NP15,9,GEOTHERMAL,,0.9
ALAMIT_7_UNIT 1,MESA CAL  20 {2438},WESC,SP15,171,DUAL-FUEL,10.93,0.72
ALAMIT_7_UNIT 2,MESA CAL  20 {2438},WESC,SP15,177,DUAL-FUEL,10.63,0.72
ALAMIT_7_UNIT 3,MESA CAL  20 {2438},WESC,SP15,322,DUAL-FUEL,9.55,0.72
ALAMIT_7_UNIT 4,MESA CAL  20 {2438},WESC,SP15,320,DUAL-FUEL,9.77,0.72
ALAMIT_7_UNIT 5,MESA CAL  20 {2438},WESC,SP15,482,DUAL-FUEL,9.37,0.72
ALAMIT_7_UNIT 6,MESA CAL  20 {2438},WESC,SP15,481,DUAL-FUEL,9.54,0.72
ALAMIT_7_UNIT 7,MESA CAL  20 {2438},WESC,SP15,134,DUAL-FUEL,12.94,0.72
ALAMO_6_UNIT,MESA CAL  20 {2438},CDWR,SP15,16,HYDRO,,0.87
ALMEGT_1_UNIT 1,PITSBURG  20 {3234},NCPA,NP15,16,GAS,15.34,0.78
ALMEGT_1_UNIT 2,PITSBURG  20 {3234},NCPA,NP15,16,GAS,15.26,0.78
ALTENG_2_UNIT 1,TESLA     20 {3933},PGEC,NP15,31,WIND,,0.2
ALTENG_2_UNIT 2,TESLA     20 {3933},PGEC,NP15,24,WIND,,0.2
ANAHM_7_CT,MESA CAL  20 {2438},SCEC,SP15,,GAS,,0.72
ANTLPE_2_QF,MESA CAL  20 {2438},SCEC,SP15,425,WIND,,0.2
APPGEN_6_UNIT 1,MESA CAL  20 {2438},SCEC,SP15,128,GAS,10,0.9
ARCOGN_2_UNITS,MESA CAL  20 {2438},SCEC,SP15,385,GAS,10.12,0.9
BALCHS_7_UNIT 1,MC CALL  20 {3433},PGEC,NP15,30,HYDRO,,0.87
BALCHS_7_UNIT 2,MC CALL  20 {3433},PGEC,NP15,47,HYDRO,,0.87
BALCHS_7_UNIT 3,MC CALL  20 {3433},PGEC,NP15,48,HYDRO,,0.87
BASICE_2_UNITS,TESLA     20 {3933},PGEC,NP15,135,GAS,11.12,0.9
BDGRCK_1_UNITS,MIDWAY  20 {3835},PGEC,ZP26,42,GAS,11.12,0.9
BEARCN_2_UNIT 1,FULTON   20 {3531},PGEC,NP15,12,GEOTHERMAL,,0.9
BEARCN_2_UNIT 2,FULTON   20 {3531},PGEC,NP15,12,GEOTHERMAL,,0.9
BEARDS_7_UNIT 1,TESLA     20 {3933},PGEC,NP15,10,HYDRO,,0.87
BEARMT_1_UNIT,MIDWAY  20 {3835},PGEC,ZP26,44,GAS,11.12,0.9
BELDEN_7_UNIT 1,ROUND MT  20 {3931},PGEC,NP15,106,HYDRO,,0.87
BIGCRK_2_PROJCT,MESA CAL  20 {2438},SCEC,SP15,904,HYDRO,,0.87
BIGVAL_6_UNIT,ROUND MT  20 {3931},PGEC,NP15,5,BIOMASS,,0.85
BIOMAS_1_UNIT 1,TESLA     20 {3933},PGEC,NP15,25,BIOMASS,,0.85
BISHOP_1_ALAMO,MESA CAL  20 {2438},SCEC,SP15,12,HYDRO,,0.87
BISHOP_1_UNITS,MESA CAL  20 {2438},SCEC,SP15,14,HYDRO,,0.87
BLACK_7_UNIT 1,ROUND MT  20 {3931},PGEC,NP15,77,HYDRO,,0.87
BLACK_7_UNIT 2,ROUND MT  20 {3931},PGEC,NP15,77,HYDRO,,0.87
BLM_2_UNITS,MESA CAL  20 {2438},SCEC,SP15,75,GEOTHERMAL,,0.9
BORAX_1_UNIT 1,MESA CAL  20 {2438},SCEC,SP15,26,GAS,11.12,0.9
BORDEN_2_QF,MC CALL  20 {3433},PGEC,NP15,1,HYDRO,,0.87
BORDER_6_DONVAN,MISSION   20 {2233},SDGE,SP15,4,GAS,11.12,0.9
BOWMN_6_UNIT,SUMMIT   20 {3931},PGEC,NP15,5,HYDRO,,0.87
BRDWAY_7_UNIT 1,MESA CAL  20 {2438},PASA,SP15,29,GAS,12.23,0.78
BRDWAY_7_UNIT 2,MESA CAL  20 {2438},PASA,SP15,36,GAS,12.38,0.78
BRDWAY_7_UNIT 3,MESA CAL  20 {2438},PASA,SP15,65,GAS,10.67,0.78
BRIGEN_1_UNIT 1,MESA CAL  20 {2438},SCEC,SP15,28,BIOMASS,,0.85
BUCKCK_7_PL1X2,ROUND MT  20 {3931},PGEC,NP15,53,HYDRO,,0.87
BURNYF_2_UNIT 1,ROUND MT  20 {3931},PGEC,NP15,36,BIOMASS,,0.85
BUTTVL_7_UNIT 1,ROUND MT  20 {3931},PGEC,NP15,36,HYDRO,,0.87
CALGEN_1_UNITS,MESA CAL  20 {2438},SCEC,SP15,100,GEOTHERMAL,,0.9
BORDER_6_UNITA1,MISSION   20 {2233},MISC,SP15,49,GAS,10.45,0.81
ELCAJN_6_UNITA1,MISSION   20 {2233},MISC,SP15,49,GAS,10.45,0.81
HENRTA_6_UNITA1,MC CALL  20 {3433},MISC,NP15,45,GAS,10.45,0.81
HENRTA_6_UNITA2,MC CALL  20 {3433},MISC,NP15,45,GAS,10.45,0.81
CALPIN_1_AGNEW,PITSBURG  20 {3234},PGEC,NP15,27,GAS,11.12,0.9
CAMCHE_1_PL1X3,TESLA     20 {3933},PGEC,NP15,15,HYDRO,,0.87
CAMINO_7_UNIT 1,TESLA     20 {3933},SMUD,NP15,67,HYDRO,,0.87
CAMINO_7_UNIT 2,TESLA     20 {3933},SMUD,NP15,69,HYDRO,,0.87
CAMPFW_7_FARWST,TESLA     20 {3933},SMUD,NP15,7,HYDRO,,0.87
CAMPHE_2_UNIT 1,TESLA     20 {3933},SMUD,NP15,142,HYDRO,,0.87
CARBGN_6_UNIT 1,MESA CAL  20 {2438},SCEC,SP15,27,GAS,15.5,0.78
CARBOU_7_UNIT 1,ROUND MT  20 {3931},PGEC,NP15,21,HYDRO,,0.87
CARBOU_7_PL4X5,ROUND MT  20 {3931},PGEC,NP15,108,HYDRO,,0.87
CARBOU_7_PL2X3,ROUND MT  20 {3931},PGEC,NP15,45,HYDRO,,0.87
CARDCG_1_UNITS,SANMATEO 20 {3133},PGEC,NP15,31,GAS,11.12,0.9
CARR_7_UNITS,ROUND MT  20 {3931},WAPA,NP15,147,HYDRO,,0.87
CBRLLO_6_PLSTP1,MISSION   20 {2233},SDGE,SP15,2,BIOMASS,,0.85
CEDRFL_1_BIGCRK,HUMBOLDT 20 {3631},PGEC,NP15,4,HYDRO,,0.87
CENTER_2_QF,MESA CAL  20 {2438},SCEC,SP15,25,GAS,11.12,0.9
CENTRY_6_PL1X4,MESA CAL  20 {2438},MISC,SP15,40,GAS,10.45,0.81
CHALK_1_UNIT,MIDWAY  20 {3835},PGEC,ZP26,48,GAS,11.12,0.9
CHEVCD_6_UNIT,MIDWAY  20 {3835},PGEC,ZP26,7,GAS,11.12,0.9
CHEVCO_6_UNIT 1,MC CALL  20 {3433},PGEC,NP15,9,GAS,11.12,0.9
CHEVCO_6_UNIT 2,MC CALL  20 {3433},PGEC,NP15,2,GAS,11.12,0.9
CHEVCP_2_UNIT 1,PITSBURG  20 {3234},PGEC,NP15,1,GAS,11.12,0.9
CHEVCY_1_UNIT,MIDWAY  20 {3835},PGEC,ZP26,24,GAS,11.12,0.9
CHEVMN_2_UNITS,MESA CAL  20 {2438},SCEC,SP15,17,GAS,11.12,0.9
CHICPK_7_UNIT 1,SUMMIT   20 {3931},PGEC,NP15,37,HYDRO,,0.87
CHILLS_1_SYCLFL,MISSION   20 {2233},SDGE,SP15,4,BIOMASS,,0.85
CHINO_2_QF,MESA CAL  20 {2438},SCEC,SP15,9,BIOMASS,,0.85
CHWCHL_1_UNIT,MC CALL  20 {3433},MISC,NP15,49,GAS,9.72,0.81
CIMGEN_6_UNIT 1,MESA CAL  20 {2438},SCEC,SP15,24,GAS,11.12,0.9
CLRLAK_1_UNIT,FULTON   20 {3531},PGEC,NP15,1,HYDRO,,0.87
CNTRVL_6_UNIT,ROUND MT  20 {3931},PGEC,NP15,5,HYDRO,,0.87
COCOPP_7_UNIT 6,PITSBURG  20 {3234},SCEM,NP15,335,GAS,9.79,0.78
COCOPP_7_UNIT 7,PITSBURG  20 {3234},SCEM,NP15,336,GAS,9.72,0.78
COGNAT_1_UNIT,TESLA     20 {3933},PGEC,NP15,41,GAS,11.12,0.9
COLDGN_6_UNIT 1,MESA CAL  20 {2438},SCEC,SP15,31,GAS,9.3,0.9
COLEMN_2_UNIT,ROUND MT  20 {3931},PGEC,NP15,10,HYDRO,,0.87
COLGA1_6_SHELLW,MC CALL  20 {3433},PGEC,NP15,38,GAS,11.12,0.9
COLGAT_7_UNIT 1,TESLA     20 {3933},PGEC,NP15,152,HYDRO,,0.87
COLGAT_7_UNIT 2,TESLA     20 {3933},PGEC,NP15,152,HYDRO,,0.87
COLPIN_6_COLLNS,ROUND MT  20 {3931},PGEC,NP15,7,BIOMASS,,0.85
COLVIL_7_PL1X2,TESLA     20 {3933},NCPA,NP15,242,HYDRO,,0.87
CONTAN_1_UNIT,PITSBURG  20 {3234},PGEC,NP15,26,GAS,11.12,0.9
CONTRL_1_LUNDY,MESA CAL  20 {2438},SCEC,SP15,2,HYDRO,,0.87
CONTRL_1_POOLE,MESA CAL  20 {2438},SCEC,SP15,10,HYDRO,,0.87
CONTRL_1_QF,MESA CAL  20 {2438},SCEC,SP15,29,HYDRO,,0.87
CONTRL_1_RUSHCK,MESA CAL  20 {2438},SCEC,SP15,10,HYDRO,,0.87
COTTLE_2_FRNKNH,TESLA     20 {3933},PGEC,NP15,3,HYDRO,,0.87
COWCRK_2_UNIT,ROUND MT  20 {3931},PGEC,NP15,1,HYDRO,,0.87
CRESSY_1_PARKER,MC CALL  20 {3433},PGEC,NP15,1,HYDRO,,0.87
CRESTA_7_PL1X2,ROUND MT  20 {3931},PGEC,NP15,63,HYDRO,,0.87
CRNEVL_6_SJQN 2,MC CALL  20 {3433},PGEC,NP15,2,HYDRO,,0.87
CRNEVL_6_SJQN 3,MC CALL  20 {3433},PGEC,NP15,3,HYDRO,,0.87
CRNRDO_7_NIGT1,MISSION   20 {2233},ECI,SP15,16,GAS,15.26,0.78
CRNRDO_7_NIGT2,MISSION   20 {2233},ECI,SP15,15,GAS,16.29,0.78
CROKET_7_UNIT,PITSBURG  20 {3234},PGEC,NP15,260,GAS,7.6,0.9
CTNWDP_1_QF,ROUND MT  20 {3931},PGEC,NP15,5,HYDRO,,0.87
CWATER_7_UNIT 1,MESA CAL  20 {2438},RESI,SP15,63,GAS,10.31,0.78
CWATER_7_UNIT 2,MESA CAL  20 {2438},RESI,SP15,82,GAS,10.46,0.78
CWATER_7_UNIT 3,MESA CAL  20 {2438},RESI,SP15,245,GAS,9.76,0.78
CWATER_7_UNIT 4,MESA CAL  20 {2438},RESI,SP15,246,GAS,9.76,0.78
DEERCR_6_UNIT 1,SUMMIT   20 {3931},PGEC,NP15,5,HYDRO,,0.87
DELGEN_6_UNIT,MESA CAL  20 {2438},SCEC,SP15,36,GAS,11.12,0.9
DEVERS_1_QF,MESA CAL  20 {2438},SCEC,SP15,431,WIND,,0.2
DEVERS_1_WNDGEN,MESA CAL  20 {2438},SCEC,SP15,8,WIND,,0.2
DEVERS_2_SNGORG,MESA CAL  20 {2438},SCEC,SP15,1,WIND,,0.2
DEXZEL_1_UNIT,MIDWAY  20 {3835},PGEC,ZP26,27,GAS,11.12,0.9
DIABLO_7_UNIT 1,MIDWAY  20 {3835},PGEC,ZP26,1126,NUCLEAR,10.5,0.85
DIABLO_7_UNIT 2,MIDWAY  20 {3835},PGEC,ZP26,1141,NUCLEAR,10.5,0.85
DMDVLY_1_UNITS,MESA CAL  20 {2438},MISC,SP15,13,HYDRO,,0.87
DISCOV_1_CHEVRN,MIDWAY  20 {3835},PGEC,ZP26,35,GAS,11.4,0.9
DIVSON_6_NSQF,MISSION   20 {2233},SDGE,SP15,45,DIST OIL,16.03,0.72
DIVSON_7_DIGT1,MISSION   20 {2233},ECI,SP15,15,DIST OIL,16.32,0.72
DIVSON_7_NSGT1,MISSION   20 {2233},ECI,SP15,22,GAS,14.53,0.9
DONNLS_7_UNIT,TESLA     20 {3933},PGEC,NP15,21,HYDRO,,0.87
DOUBLC_1_UNITS,MIDWAY  20 {3835},PGEC,ZP26,44,GAS,11.12,0.9
DOWCHM_1_UNITS,PITSBURG  20 {3234},PGEC,NP15,98,GAS,11.12,0.9
DPEDRO_1_UNIT 1,TESLA     20 {3933},MISC,NP15,51,HYDRO,,0.87
DPEDRO_1_UNIT 2,TESLA     20 {3933},MISC,NP15,51,HYDRO,,0.87
DPEDRO_1_UNIT 3,TESLA     20 {3933},MISC,NP15,51,HYDRO,,0.87
DPEDRO_1_UNIT 4,TESLA     20 {3933},MISC,NP15,50,HYDRO,,0.87
DREWS_6_PL1X4,MESA CAL  20 {2438},MISC,SP15,40,GAS,10.45,0.81
DRUM_6_ALTA,SUMMIT   20 {3931},PGEC,NP15,1,HYDRO,,0.87
DRUM_7_UNIT 5,SUMMIT   20 {3931},PGEC,NP15,44,HYDRO,,0.87
DRUM_7_PL1X2,SUMMIT   20 {3931},PGEC,NP15,22,HYDRO,,0.87
DRUM_7_PL3X4,SUMMIT   20 {3931},PGEC,NP15,25,HYDRO,,0.87
DSABLA_7_UNIT,ROUND MT  20 {3931},PGEC,NP15,16,HYDRO,,0.87
DUTCH1_7_UNIT 1,SUMMIT   20 {3931},PGEC,NP15,19,HYDRO,,0.87
DUTCH2_7_UNIT 1,SUMMIT   20 {3931},PGEC,NP15,23,HYDRO,,0.87
DVLCYN_1_UNITS,MESA CAL  20 {2438},CDWR,SP15,72,HYDRO,,0.87
EBMUD_1_UNIT 1,PITSBURG  20 {3234},PGEC,NP15,1,BIOMASS,,0.85
ECC_7_NARDAC,MISSION   20 {2233},SDGE,SP15,4,GAS,11.12,0.9
ELCAJN_7_GT1,MISSION   20 {2233},ECI,SP15,15,DIST OIL,17.23,0.72
ELECTR_7_PL1X3,TESLA     20 {3933},PGEC,NP15,91,HYDRO,,0.87
ELLIS_2_QF,MESA CAL  20 {2438},SCEC,SP15,5,GAS,11.12,0.9
ELSEGN_7_UNIT 1,MESA CAL  20 {2438},ECI,SP15,175,GAS,10.79,0.78
ELSEGN_7_UNIT 2,MESA CAL  20 {2438},ECI,SP15,164,GAS,10.77,0.78
ELSEGN_7_UNIT 3,MESA CAL  20 {2438},ECI,SP15,337,GAS,9.56,0.78
ELSEGN_7_UNIT 4,MESA CAL  20 {2438},ECI,SP15,335,GAS,9.63,0.78
ENCINA_7_EA1,MISSION   20 {2233},ECI,SP15,104,GAS,11.12,0.78
ENCINA_7_EA2,MISSION   20 {2233},ECI,SP15,105,GAS,10.99,0.78
ENCINA_7_EA3,MISSION   20 {2233},ECI,SP15,111,GAS,10.94,0.78
ENCINA_7_EA4,MISSION   20 {2233},ECI,SP15,303,GAS,10.62,0.78
ENCINA_7_EA5,MISSION   20 {2233},ECI,SP15,332,GAS,10.3,0.78
ENCINA_7_GT1,MISSION   20 {2233},ECI,SP15,13,GAS,17.79,0.78
ESCO_6_GLMQF,MISSION   20 {2233},SDGE,SP15,50,GAS,11.12,0.9
ESCNDO_6_UNITB1,MISSION   20 {2233},MISC,SP15,46,GAS,10.45,0.81
ETIWND_2_FONTNA,MESA CAL  20 {2438},SCEC,SP15,1,GAS,11.12,0.9
ETIWND_2_QF,MESA CAL  20 {2438},SCEC,SP15,18,GAS,11.12,0.9
ETIWND_7_UNIT 1,MESA CAL  20 {2438},RESI,SP15,132,DUAL-FUEL,11.17,0.72
ETIWND_7_UNIT 2,MESA CAL  20 {2438},RESI,SP15,134,DUAL-FUEL,11.17,0.72
ETIWND_7_UNIT 3,MESA CAL  20 {2438},RESI,SP15,320,DUAL-FUEL,9.48,0.72
ETIWND_7_UNIT 4,MESA CAL  20 {2438},RESI,SP15,320,DUAL-FUEL,9.63,0.72
ETIWND_7_UNIT 5,MESA CAL  20 {2438},RESI,SP15,120,DUAL-FUEL,12.67,0.72
EXCHEC_7_UNIT 1,MC CALL  20 {3433},PGEC,NP15,86,HYDRO,10,0.87
FAIRHV_6_UNIT,HUMBOLDT 20 {3631},PGEC,NP15,15,BIOMASS,,0.85
FAYETT_1_UNIT,PITSBURG  20 {3234},PGEC,NP15,15,WIND,,0.2
FELLOW_1_SHELLW,MIDWAY  20 {3835},PGEC,ZP26,7,GAS,11.12,0.9
FELLOW_1_TENNCO,MIDWAY  20 {3835},PGEC,ZP26,5,GAS,11.12,0.9
DINUBA_6_UNIT,MC CALL  20 {3433},MISC,NP15,7,BIOMASS,,0.85
FLANDF_1_UNIT 1,MC CALL  20 {3433},PGEC,NP15,24,GAS,11.12,0.9
FLOWD2_2_UNIT 1,PITSBURG  20 {3234},PGEC,NP15,99,WIND,,0.2
FMEADO_7_UNIT,TESLA     20 {3933},PGEC,NP15,16,HYDRO,,0.87
FOLSOM_7_UNITS,TESLA     20 {3933},WAPA,NP15,206,HYDRO,,0.87
FORBST_7_UNIT 1,ROUND MT  20 {3931},PGEC,NP15,35,HYDRO,,0.87
FORKBU_6_UNIT,ROUND MT  20 {3931},PGEC,NP15,12,HYDRO,,0.87
FOSTER_2_UNITS,PITSBURG  20 {3234},PGEC,NP15,120,GAS,11.12,0.9
AGRICO_7_UNIT,MC CALL  20 {3433},MISC,NP15,23,GAS,11.12,0.9
FRIANT_6_UNITS,MC CALL  20 {3433},PGEC,NP15,27,HYDRO,,0.87
FRITO_1_LAY,MIDWAY  20 {3835},PGEC,ZP26,2,GAS,11.12,0.9
FULTON_1_QF,FULTON   20 {3531},PGEC,NP15,2,GAS,11.12,0.9
GATES_6_UNIT,MC CALL  20 {3433},MISC,NP15,45,GAS,10.45,0.81
GAYCRZ_1_UNIT 1,PITSBURG  20 {3234},PGEC,NP15,41,GAS,11.12,0.9
GERGPF_6_UNIT,FULTON   20 {3531},PGEC,NP15,4,BIOMASS,,0.85
GEYS11_7_UNIT11,FULTON   20 {3531},CPCO,NP15,72,GEOTHERMAL,,0.9
GEYS12_7_UNIT12,FULTON   20 {3531},CPCO,NP15,57,GEOTHERMAL,,0.9
GEYS13_7_UNIT13,FULTON   20 {3531},CPCO,NP15,95,GEOTHERMAL,,0.9
GEYS14_7_UNIT14,FULTON   20 {3531},CPCO,NP15,70,GEOTHERMAL,,0.9
GEYS16_7_UNIT16,FULTON   20 {3531},CPCO,NP15,85,GEOTHERMAL,,0.9
GEYS17_7_UNIT17,FULTON   20 {3531},CPCO,NP15,53,GEOTHERMAL,,0.9
GEYS18_7_UNIT18,FULTON   20 {3531},CPCO,NP15,72,GEOTHERMAL,,0.9
GEYS20_7_UNIT20,FULTON   20 {3531},CPCO,NP15,62,GEOTHERMAL,,0.9
IBMCTL_1_UNIT 1,PITSBURG  20 {3234},CPCO,NP15,135,GAS,10.45,0.81
GILROY_1_UNIT,PITSBURG  20 {3234},PGEC,NP15,156,GAS,10,0.9
GLNARM_7_UNIT 1,MESA CAL  20 {2438},PASA,SP15,20,GAS,13.8,0.78
GLNARM_7_UNIT 2,MESA CAL  20 {2438},PASA,SP15,22,GAS,13.8,0.78
GOLETA_2_QF,MESA CAL  20 {2438},SCEC,SP15,1,HYDRO,,0.87
GOLETA_6_ELLWOD,MESA CAL  20 {2438},SCEC,SP15,56,DIST OIL,13.47,0.72
GOLETA_6_EXGEN,MESA CAL  20 {2438},SCEC,SP15,7,GAS,11.4,0.9
GRIZLY_1_UNIT 1,ROUND MT  20 {3931},PGEC,NP15,18,HYDRO,,0.87
GRNLF1_1_UNITS,TESLA     20 {3933},PGEC,NP15,46,GAS,11.12,0.9
GRNLF2_1_UNIT,TESLA     20 {3933},PGEC,NP15,64,GAS,11.12,0.9
GRSAMR_1_AMER,MIDWAY  20 {3835},PGEC,ZP26,1,BIOMASS,,0.85
GRSGUD_2_GUADLP,TESLA     20 {3933},PGEC,NP15,4,BIOMASS,,0.85
GRSMNL_1_MENLO,SANMATEO 20 {3133},PGEC,NP15,3,BIOMASS,,0.85
GRSMTV_1_MTNVEW,PITSBURG  20 {3234},PGEC,NP15,4,BIOMASS,,0.85
GWFPW1_6_UNIT,PITSBURG  20 {3234},PGEC,NP15,18,BIOMASS,,0.85
GWFPW2_1_UNIT 1,PITSBURG  20 {3234},PGEC,NP15,17,BIOMASS,,0.85
GWFPW3_1_UNIT 1,PITSBURG  20 {3234},PGEC,NP15,17,BIOMASS,,0.85
GWFPW4_6_UNIT 1,PITSBURG  20 {3234},PGEC,NP15,17,BIOMASS,,0.85
GWFPW5_6_UNIT 1,PITSBURG  20 {3234},PGEC,NP15,17,BIOMASS,,0.85
GWFPWR_6_UNIT,MC CALL  20 {3433},PGEC,NP15,22,COAL,11.76,0.81
GYS5X6_7_UNITS,FULTON   20 {3531},CPCO,NP15,85,GEOTHERMAL,,0.9
GYS7X8_7_UNITS,FULTON   20 {3531},CPCO,NP15,82,GEOTHERMAL,,0.9
GYS910_7_UNITS,FULTON   20 {3531},CPCO,NP15,82,GEOTHERMAL,,0.9
HAASPH_7_PL1X2,MC CALL  20 {3433},PGEC,NP15,129,HYDRO,,0.87
HALSEY_6_UNIT,SUMMIT   20 {3931},PGEC,NP15,8,HYDRO,,0.87
GWFPWR_1_UNITS,MC CALL  20 {3433},MISC,NP15,95,GAS,10.45,0.81
HARBGN_7_UNIT 1,MESA CAL  20 {2438},SCEC,SP15,88,GAS,12.49,0.78
HARBGN_7_PL2X3,MESA CAL  20 {2438},SCEC,SP15,18,GAS,11.12,0.9
HATCH+_1_HATCHT,ROUND MT  20 {3931},PGEC,NP15,6,HYDRO,,0.87
HATCH+_1_LOSTCK,ROUND MT  20 {3931},PGEC,NP15,2,HYDRO,,0.87
HATCH+_1_ROARNG,ROUND MT  20 {3931},PGEC,NP15,1,HYDRO,,0.87
HATCH+_2_COVERD,ROUND MT  20 {3931},PGEC,NP15,4,HYDRO,,0.87
HATCR1_7_UNIT,ROUND MT  20 {3931},PGEC,NP15,6,HYDRO,,0.87
HATCR2_7_UNIT,ROUND MT  20 {3931},PGEC,NP15,7,HYDRO,,0.87
HATLOS_6_QFUNTS,ROUND MT  20 {3931},PGEC,NP15,2,HYDRO,,0.87
HAYPRS_6_QFUNTS,SUMMIT   20 {3931},PGEC,NP15,15,HYDRO,,0.87
HELMPG_7_UNIT 1,MC CALL  20 {3433},PGEC,NP15,404,HYDRO,,0.84
HELMPG_7_UNIT 2,MC CALL  20 {3433},PGEC,NP15,404,HYDRO,,0.84
HELMPG_7_UNIT 3,MC CALL  20 {3433},PGEC,NP15,404,HYDRO,,0.84
HIGHGV_1_UNIT 1,MESA CAL  20 {2438},TEK,SP15,22,GAS,13.31,0.78
HIGHGV_1_UNIT 2,MESA CAL  20 {2438},TEK,SP15,22,GAS,14.65,0.78
HIGHGV_1_UNIT 3,MESA CAL  20 {2438},TEK,SP15,35,GAS,12.85,0.78
HIGHGV_1_UNIT 4,MESA CAL  20 {2438},TEK,SP15,31,GAS,13.64,0.78
HMLTBR_6_UNITS,ROUND MT  20 {3931},PGEC,NP15,4,HYDRO,,0.87
HNTGBH_7_UNIT 1,MESA CAL  20 {2438},WESC,SP15,215,DUAL-FUEL,9.76,0.72
HNTGBH_7_UNIT 2,MESA CAL  20 {2438},WESC,SP15,215,DUAL-FUEL,9.82,0.72
HNTGBH_7_UNIT 5,MESA CAL  20 {2438},WESC,SP15,133,DUAL-FUEL,12.68,0.72
HOLM_7_UNIT 1,TESLA     20 {3933},CCSF,NP15,153,HYDRO,,0.87
HOLM_7_UNIT 2,TESLA     20 {3933},CCSF,NP15,67,HYDRO,,0.87
HONEYL_6_UNIT,ROUND MT  20 {3931},PGEC,NP15,28,BIOMASS,,0.85
HUMBPP_6_MOBLES,HUMBOLDT 20 {3631},PGEC,NP15,37,DUAL-FUEL,14.96,0.72
HUMBPP_7_UNIT 1,HUMBOLDT 20 {3631},PGEC,NP15,53,DUAL-FUEL,11.3,0.72
HUMBPP_7_UNIT 2,HUMBOLDT 20 {3631},PGEC,NP15,53,DUAL-FUEL,12.1,0.72
HUNTER_7_UNIT 1,POTRERO  20 {3135},PGEC,NP15,52,DUAL-FUEL,13.02,0.72
HUNTER_7_UNIT 4,POTRERO  20 {3135},PGEC,NP15,163,DUAL-FUEL,10.02,0.72
HYTTHM_2_UNITS,ROUND MT  20 {3931},CDWR,NP15,900,HYDRO,,0.84
ICEGEN_6_UNIT,MESA CAL  20 {2438},SCEC,SP15,42,GAS,11.12,0.9
IMHOFF_1_UNIT 1,PITSBURG  20 {3234},SMUD,NP15,9,GAS,12.12,0.78
INDIGO_1_UNIT 1,MESA CAL  20 {2438},MISC,SP15,45,GAS,10.45,0.81
INDIGO_1_UNIT 2,MESA CAL  20 {2438},MISC,SP15,45,GAS,10.45,0.81
INDIGO_1_UNIT 3,MESA CAL  20 {2438},MISC,SP15,45,GAS,10.45,0.81
INDVLY_1_UNITS,FULTON   20 {3531},PGEC,NP15,3,HYDRO,,0.87
INSKIP_2_UNIT,ROUND MT  20 {3931},PGEC,NP15,8,HYDRO,,0.87
INTTRB_6_UNIT,TESLA     20 {3933},PGEC,NP15,10,WIND,,0.2
JAKVAL_2_IONE,TESLA     20 {3933},PGEC,NP15,17,GAS,11.12,0.9
JAYBRD_7_UNIT 1,TESLA     20 {3933},SMUD,NP15,67,HYDRO,,0.87
JAYBRD_7_UNIT 2,TESLA     20 {3933},SMUD,NP15,67,HYDRO,,0.87
JESSUP_1_HUDSON,ROUND MT  20 {3931},PGEC,NP15,6,BIOMASS,,0.85
JONESP_7_UNIT 1,TESLA     20 {3933},SMUD,NP15,9,HYDRO,,0.87
JRWOOD_1_UNIT 1,MC CALL  20 {3433},PGEC,NP15,7,GAS,11.12,0.9
JVENTR_2_QFUNTS,PITSBURG  20 {3234},PGEC,NP15,21,WIND,,0.2
KALINA_2_UNIT 1,TESLA     20 {3933},PGEC,NP15,5,GAS,11.12,0.9
KANAKA_1_UNIT,ROUND MT  20 {3931},PGEC,NP15,1,HYDRO,,0.87
KEARNY_7_KY1,MISSION   20 {2233},ECI,SP15,14,GAS,16.46,0.78
KEARNY_7_KY2,MISSION   20 {2233},ECI,SP15,72,GAS,17.45,0.78
KEARNY_7_KY3,MISSION   20 {2233},ECI,SP15,71,GAS,17.14,0.78
KEKAWK_6_UNIT,HUMBOLDT 20 {3631},PGEC,NP15,4,HYDRO,,0.87
KELYRG_6_UNIT,ROUND MT  20 {3931},PGEC,NP15,10,HYDRO,,0.87
KERKH1_7_UNIT 1,MC CALL  20 {3433},PGEC,NP15,11,HYDRO,,0.87
KERKH1_7_UNIT 2,MC CALL  20 {3433},PGEC,NP15,4,HYDRO,,0.87
KERKH1_7_UNIT 3,MC CALL  20 {3433},PGEC,NP15,11,HYDRO,,0.87
KERKH2_7_UNIT 1,MC CALL  20 {3433},PGEC,NP15,139,HYDRO,,0.87
KERNFT_1_UNITS,MIDWAY  20 {3835},PGEC,ZP26,45,GAS,11.12,0.9
KERNRG_1_UNITS,MIDWAY  20 {3835},PGEC,ZP26,38,GAS,10.7,0.9
KERRGN_1_UNIT 1,MESA CAL  20 {2438},SCEC,SP15,22,GAS,11.12,0.9
KERRMG_1_UNIT 1,MESA CAL  20 {2438},SCEC,SP15,18,GAS,10.77,0.9
KESWIK_7_UNITS,ROUND MT  20 {3931},WAPA,NP15,105,HYDRO,,0.87
KILARC_2_UNIT 1,MC CALL  20 {3433},PGEC,NP15,2,HYDRO,,0.87
KNGCTY_6_UNITA1,TESLA     20 {3933},CPCO,NP15,50,GAS,10.45,0.81
KINGCO_1_KINGBR,MC CALL  20 {3433},PGEC,NP15,31,GAS,11.12,0.9
KINGRV_7_UNIT 1,MC CALL  20 {3433},PGEC,NP15,46,HYDRO,,0.87
KIRKWD_2_UNIT 3,TESLA     20 {3933},CCSF,NP15,34,HYDRO,,0.87
KIRKWD_7_UNIT 1,TESLA     20 {3933},CCSF,NP15,34,HYDRO,,0.87
KIRKWD_7_UNIT 2,TESLA     20 {3933},CCSF,NP15,34,HYDRO,,0.87
KRNCNY_6_UNIT,MIDWAY  20 {3835},PGEC,ZP26,10,HYDRO,,0.87
KYCORA_7_UNIT 1,MISSION   20 {2233},SDGE,SP15,4,GAS,11.12,0.9
LAFRES_6_QF,MESA CAL  20 {2438},SCEC,SP15,7,GAS,11.12,0.9
LAGBEL_6_QF,MESA CAL  20 {2438},SCEC,SP15,32,GAS,11.12,0.9
LARKSP_6_UNIT 1,MISSION   20 {2233},MISC,SP15,45,GAS,10.45,0.81
LARKSP_6_UNIT 2,MISSION   20 {2233},MISC,SP15,45,GAS,10.45,0.81
LASPOS_6_FLOWND,PITSBURG  20 {3234},PGEC,NP15,1,WIND,,0.2
LBEACH_2_230TOT,MESA CAL  20 {2438},ECI,SP15,172,GAS,9.77,0.78
LBEACH_6_66TOT,MESA CAL  20 {2438},ECI,SP15,380,GAS,9.77,0.78
LFC 51_2_UNIT 1,PITSBURG  20 {3234},PGEC,NP15,19,WIND,,0.2
LGHTHP_6_ICEGEN,MESA CAL  20 {2438},SCEC,SP15,1,GAS,11.12,0.9
LIVOAK_1_UNIT 1,MIDWAY  20 {3835},PGEC,ZP26,43,GAS,11.12,0.9
LODI25_2_UNIT 1,TESLA     20 {3933},NCPA,NP15,44,GAS,14.37,0.78
LOONLK_7_UNIT 1,TESLA     20 {3933},SMUD,NP15,73,HYDRO,,0.87
LMEC_1_PL1X3,PITSBURG  20 {3234},CPCO,NP15,555,GAS,6.75,0.9
LOSTHL_6_UNIT,MIDWAY  20 {3835},PGEC,ZP26,7,GAS,11.12,0.9
LUZ_2_SEGS 8,MESA CAL  20 {2438},SCEC,SP15,80,SOLAR,,0.2
LUZ_2_SEGS 9,MESA CAL  20 {2438},SCEC,SP15,80,SOLAR,,0.2
CAPMAD_1_UNIT 1,MC CALL  20 {3433},MISC,NP15,25,BIOMASS,,0.85
MALCHQ_7_UNIT 1,ROUND MT  20 {3931},PGEC,NP15,29,HYDRO,,0.87
MARKHM_1_CATLST,PITSBURG  20 {3234},PGEC,NP15,4,GAS,11.12,0.9
MCGEN_1_UNIT,MESA CAL  20 {2438},SCEC,SP15,97,COAL,11.76,0.81
MCLELN_2_UNIT 1,TESLA     20 {3933},SMUD,NP15,44,GAS,12.5,0.78
MCSWAN_6_UNITS,MC CALL  20 {3433},PGEC,NP15,8,HYDRO,,0.87
MDRCHW_2_UNIT,MC CALL  20 {3433},PGEC,NP15,1,HYDRO,,0.87
MELONP_7_UNITS,TESLA     20 {3933},PGEC,NP15,334,HYDRO,,0.87
MENBIO_6_UNIT,MC CALL  20 {3433},PGEC,NP15,26,BIOMASS,,0.85
MERCFL_6_UNIT,MC CALL  20 {3433},PGEC,NP15,3,HYDRO,,0.87
MESAS_2_QF,MESA CAL  20 {2438},SCEC,SP15,16,GAS,11.9,0.9
MDFKRL_2_PROJCT,TESLA     20 {3933},PGEC,NP15,120,HYDRO,,0.87
MIDSET_1_UNIT 1,MIDWAY  20 {3835},PGEC,ZP26,36,GAS,11.12,0.9
MIDWAY_1_QF,MIDWAY  20 {3835},PGEC,ZP26,5,GAS,11.12,0.9
MIL&MT_1_MATHEW,HUMBOLDT 20 {3631},PGEC,NP15,2,HYDRO,,0.87
MKTRCK_1_UNIT 1,MIDWAY  20 {3835},PGEC,ZP26,44,GAS,11.12,0.9
MNDALY_7_UNIT 1,MESA CAL  20 {2438},RESI,SP15,218,DUAL-FUEL,9.47,0.72
MNDALY_7_UNIT 2,MESA CAL  20 {2438},RESI,SP15,215,DUAL-FUEL,9.4,0.72
MNDALY_7_UNIT 3,MESA CAL  20 {2438},RESI,SP15,132,DUAL-FUEL,12.99,0.72
MNTVIS_1_QF,SANMATEO 20 {3133},PGEC,NP15,1,BIOMASS,,0.85
MOBGEN_6_UNIT 1,MESA CAL  20 {2438},SCEC,SP15,1,GAS,14.5,0.78
MOCCPH_7_UNITS,TESLA     20 {3933},CCSF,NP15,91,HYDRO,,0.87
MODSTO_1_UNIT 1,TESLA     20 {3933},PGEC,NP15,13,BIOMASS,,0.85
MOGEN_1_UNIT,MESA CAL  20 {2438},SCEC,SP15,63,GAS,14.5,0.9
MOHAVE_7_UNIT 1,HOOVER   20 {1331},SCEC,SP15,442,COAL,11.63,0.81
MOHAVE_7_UNIT 2,HOOVER   20 {1331},SCEC,SP15,442,COAL,11.89,0.81
MOJAVE_1_SIPHON,MESA CAL  20 {2438},CDWR,SP15,27,HYDRO,,0.87
MONLTH_6_BOREL,MESA CAL  20 {2438},SCEC,SP15,9,HYDRO,,0.87
MONTER_1_MARINA,TESLA     20 {3933},PGEC,NP15,2,BIOMASS,,0.85
MONTPH_7_UNITS,FULTON   20 {3531},PGEC,NP15,11,HYDRO,,0.87
MOORPK_6_QF,MESA CAL  20 {2438},SCEC,SP15,27,HYDRO,,0.87
MORBAY_7_UNIT 1,MIDWAY  20 {3835},DETM,ZP26,171,GAS,10.54,0.78
MORBAY_7_UNIT 2,MIDWAY  20 {3835},DETM,ZP26,171,GAS,10.44,0.78
MORBAY_7_UNIT 3,MIDWAY  20 {3835},DETM,ZP26,343,GAS,9.41,0.78
MORBAY_7_UNIT 4,MIDWAY  20 {3835},DETM,ZP26,336,GAS,9.57,0.78
MOSSLD_7_UNIT 6,TESLA     20 {3933},DETM,NP15,739,GAS,9.25,0.78
MOSSLD_7_UNIT 7,TESLA     20 {3933},DETM,NP15,739,GAS,9.3,0.78
HIWIND_2_WINDA1,PITSBURG  20 {3234},PGEC,NP15,66,WIND,,0.2
MRGT_7_UNITS,MISSION   20 {2233},ECI,SP15,32,GAS,15.86,0.78
MSHGTS_6_MMARLF,MISSION   20 {2233},SDGE,SP15,9,BIOMASS,,0.85
MSSION_2_QF,MISSION   20 {2233},SDGE,SP15,45,GAS,11.12,0.9
MSSION_6_UNTRIB,MISSION   20 {2233},SDGE,SP15,1,GAS,11.12,0.9
MTNLAS_6_UNIT,ROUND MT  20 {3931},PGEC,NP15,10,BIOMASS,,0.85
MTNPOS_1_UNIT,MIDWAY  20 {3835},PGEC,ZP26,53,COAL,11.76,0.81
MTNPWR_7_BURNEY,ROUND MT  20 {3931},PGEC,NP15,13,BIOMASS,,0.85
MURRAY_7_SDSU A,MISSION   20 {2233},SDGE,SP15,1,HYDRO,,0.87
NHOGAN_6_UNITS,TESLA     20 {3933},PGEC,NP15,3,HYDRO,,0.87
NAROW1_2_UNIT,TESLA     20 {3933},PGEC,NP15,9,HYDRO,,0.87
NAROW2_2_UNIT,TESLA     20 {3933},PGEC,NP15,48,HYDRO,,0.87
NAVY35_1_UNITS,MIDWAY  20 {3835},PGEC,ZP26,76,SOLAR,,0.2
NAVYII_2_UNITS,MESA CAL  20 {2438},SCEC,SP15,101,GEOTHERMAL,,0.9
NCPA_7_GP1UN1,FULTON   20 {3531},NCPA,NP15,77,GEOTHERMAL,,0.9
NCPA_7_GP1UN2,FULTON   20 {3531},NCPA,NP15,31,GEOTHERMAL,,0.9
NCPA_7_GP2UN3,FULTON   20 {3531},NCPA,NP15,29,GEOTHERMAL,,0.9
NCPA_7_GP2UN4,FULTON   20 {3531},NCPA,NP15,29,GEOTHERMAL,,0.9
NIMBUS_1_UNITS,TESLA     20 {3933},WAPA,NP15,14,HYDRO,,0.87
NIMTG_6_NICOGN,MISSION   20 {2233},SDGE,SP15,4,GAS,14.95,0.9
NIMTG_6_NIQF,MISSION   20 {2233},SDGE,SP15,33,GAS,14.95,0.9
NOVINV_1_RICHMD,TESLA     20 {3933},PGEC,NP15,2,BIOMASS,,0.85
NWCSTL_7_UNIT 1,SUMMIT   20 {3931},PGEC,NP15,8,HYDRO,,0.87
OAK C_7_UNITS,PITSBURG  20 {3234},DETM,NP15,121,DIST OIL,13,0.72
OILDAL_1_UNIT 1,MIDWAY  20 {3835},PGEC,ZP26,36,GAS,11.12,0.9
OLDTWN_7_NTCGT1,MISSION   20 {2233},ECI,SP15,13,GAS,16.6,0.78
OLINDA_2_QF,MESA CAL  20 {2438},SCEC,SP15,97,HYDRO,,0.87
OLS_1_UNIT,TESLA     20 {3933},PGEC,NP15,25,GAS,12.99,0.9
OLSEN_2_UNIT,TESLA     20 {3933},PGEC,NP15,6,HYDRO,,0.87
OMAR_2_UNITS,MESA CAL  20 {2438},SCEC,SP15,255,GAS,11.12,0.9
ONLLPP_6_UNITS,TESLA     20 {3933},PGEC,NP15,7,HYDRO,,0.87
ORMOND_7_UNIT 1,MESA CAL  20 {2438},RESI,SP15,725,GAS,9.53,0.78
ORMOND_7_UNIT 2,MESA CAL  20 {2438},RESI,SP15,766,GAS,9.62,0.78
OROVIL_6_UNIT,ROUND MT  20 {3931},PGEC,NP15,6,GAS,11.12,0.9
OTAY_6_UNITB1,MISSION   20 {2233},SDGE,SP15,4,BIOMASS,,0.85
OXBOW_1_CONTRL,MESA CAL  20 {2438},SCEC,SP15,54,GEOTHERMAL,,0.9
OXBOW_6_DRUM,TESLA     20 {3933},PGEC,NP15,5,HYDRO,,0.87
OXGEN_6_UNIT,MESA CAL  20 {2438},SCEC,SP15,56,GAS,11.12,0.9
PACLUM_6_UNIT,HUMBOLDT 20 {3631},PGEC,NP15,18,BIOMASS,,0.85
PACORO_6_UNIT,ROUND MT  20 {3931},PGEC,NP15,17,BIOMASS,,0.85
PADUA_2_ONTARO,MESA CAL  20 {2438},SCEC,SP15,1,HYDRO,,0.87
PADUA_6_QF,MESA CAL  20 {2438},SCEC,SP15,8,GAS,11.12,0.9
PALALT_1_LNDFLL,SANMATEO 20 {3133},PGEC,NP15,3,BIOMASS,,0.85
PANDOL_6_UNIT,MESA CAL  20 {2438},SCEC,SP15,44,GAS,14.49,0.78
PNOCHE_1_UNITA1,MC CALL  20 {3433},MISC,NP15,49,GAS,10.45,0.81
PNOCHE_1_UNITB1,MC CALL  20 {3433},MISC,NP15,49,GAS,10.45,0.81
PARDEB_6_UNITS,TESLA     20 {3933},PGEC,NP15,27,HYDRO,,0.87
PHOENX_1_UNIT,TESLA     20 {3933},PGEC,NP15,1,HYDRO,,0.87
PINFLT_7_UNITS,MC CALL  20 {3433},CDWR,NP15,178,HYDRO,,0.87
PIT1_7_UNIT 1,ROUND MT  20 {3931},PGEC,NP15,28,HYDRO,,0.87
PIT1_7_UNIT 2,ROUND MT  20 {3931},PGEC,NP15,28,HYDRO,,0.87
PIT3_7_PL1X3,ROUND MT  20 {3931},PGEC,NP15,63,HYDRO,,0.87
PIT4_7_PL1X2,ROUND MT  20 {3931},PGEC,NP15,85,HYDRO,,0.87
PIT5_7_NELSON,ROUND MT  20 {3931},PGEC,NP15,2,HYDRO,,0.87
PIT5_7_PL1X2,ROUND MT  20 {3931},PGEC,NP15,144,HYDRO,,0.87
PIT6_7_UNIT 1,ROUND MT  20 {3931},PGEC,NP15,36,HYDRO,,0.87
PIT6_7_UNIT 2,ROUND MT  20 {3931},PGEC,NP15,36,HYDRO,,0.87
PIT7_7_UNIT 1,ROUND MT  20 {3931},PGEC,NP15,48,HYDRO,,0.87
PIT7_7_UNIT 2,ROUND MT  20 {3931},PGEC,NP15,49,HYDRO,,0.87
PITTSP_7_UNIT 1,PITSBURG  20 {3234},SCEM,NP15,167,GAS,10.76,0.78
PITTSP_7_UNIT 2,PITSBURG  20 {3234},SCEM,NP15,154,GAS,10.86,0.78
PITTSP_7_UNIT 3,PITSBURG  20 {3234},SCEM,NP15,154,GAS,10.78,0.78
PITTSP_7_UNIT 4,PITSBURG  20 {3234},SCEM,NP15,150,GAS,10.83,0.78
PITTSP_7_UNIT 5,PITSBURG  20 {3234},SCEM,NP15,315,GAS,9.89,0.78
PITTSP_7_UNIT 6,PITSBURG  20 {3234},SCEM,NP15,317,GAS,9.89,0.78
PITTSP_7_UNIT 7,PITSBURG  20 {3234},SCEM,NP15,700,GAS,9.77,0.78
PLACVL_1_CHILIB,SUMMIT   20 {3931},PGEC,NP15,7,HYDRO,,0.87
PLACVL_1_RCKCRE,SUMMIT   20 {3931},PGEC,NP15,2,HYDRO,,0.87
SPIFBD_1_PL1X2,TESLA     20 {3933},PGEC,NP15,2,BIOMASS,,0.85
POEPH_7_UNIT 1,ROUND MT  20 {3931},PGEC,NP15,61,HYDRO,,0.87
POEPH_7_UNIT 2,ROUND MT  20 {3931},PGEC,NP15,54,HYDRO,,0.87
POTRPP_7_UNIT 3,POTRERO  20 {3135},SCEM,NP15,207,GAS,10.01,0.78
POTRPP_7_UNIT 4,POTRERO  20 {3135},SCEM,NP15,54,GAS,12.78,0.78
POTRPP_7_UNIT 5,POTRERO  20 {3135},SCEM,NP15,55,GAS,12.74,0.78
POTRPP_7_UNIT 6,POTRERO  20 {3135},SCEM,NP15,53,GAS,12.9,0.78
POTTER_6_UNITS,FULTON   20 {3531},PGEC,NP15,9,HYDRO,,0.87
PROCGN_6_UNIT,MESA CAL  20 {2438},SCEC,SP15,44,GAS,11.12,0.9
PROCSM_2_UNITS,TESLA     20 {3933},SMUD,NP15,44,GAS,10.45,0.81
PTCHGN_6_UNIT 1,MESA CAL  20 {2438},SCEC,SP15,28,GAS,11.12,0.9
PTLOMA_6_NTCCGN,MISSION   20 {2233},SDGE,SP15,4,GAS,11.12,0.9
PTLOMA_6_NTCQF,MISSION   20 {2233},SDGE,SP15,22,GAS,11.12,0.9
PULPGN_6_UNIT,MESA CAL  20 {2438},SCEC,SP15,29,GAS,11.12,0.9
RALSTN_7_UNIT 1,TESLA     20 {3933},PGEC,NP15,78,HYDRO,,0.87
RCKCRK_7_UNIT 1,ROUND MT  20 {3931},PGEC,NP15,49,HYDRO,,0.87
RCKCRK_7_UNIT 2,ROUND MT  20 {3931},PGEC,NP15,50,HYDRO,,0.87
RECTOR_2_KAWEAH,MESA CAL  20 {2438},SCEC,SP15,5,GAS,11.12,0.9
RECTOR_2_KAWH 1,MESA CAL  20 {2438},SCEC,SP15,1,GAS,11.12,0.9
RECTOR_2_QF,MESA CAL  20 {2438},SCEC,SP15,14,GAS,11.12,0.9
REDBLF_6_UNIT,ROUND MT  20 {3931},MISC,NP15,47,GAS,9.73,0.81
REDOND_7_UNIT 5,MESA CAL  20 {2438},WESC,SP15,175,GAS,11.77,0.78
REDOND_7_UNIT 6,MESA CAL  20 {2438},WESC,SP15,175,GAS,11.77,0.78
REDOND_7_UNIT 7,MESA CAL  20 {2438},WESC,SP15,483,GAS,9.43,0.78
REDOND_7_UNIT 8,MESA CAL  20 {2438},WESC,SP15,484,GAS,9.49,0.78
RHONDO_2_QF,MESA CAL  20 {2438},SCEC,SP15,2,GAS,11.12,0.9
RIOBRV_6_UNIT 1,MIDWAY  20 {3835},PGEC,ZP26,31,BIOMASS,,0.85
RIOOSO_1_QF,TESLA     20 {3933},PGEC,NP15,6,HYDRO,,0.87
RIOQF_6_OLCESE,MC CALL  20 {3433},PGEC,NP15,13,HYDRO,,0.87
ROBSPK_7_UNIT 1,TESLA     20 {3933},SMUD,NP15,21,HYDRO,,0.87
ROLLIN_6_UNIT,TESLA     20 {3933},PGEC,NP15,15,HYDRO,,0.87
ROSVIL_6_GT1,TESLA     20 {3933},NCPA,NP15,21,GAS,12.12,0.78
ROSVIL_6_GT2,TESLA     20 {3933},NCPA,NP15,21,GAS,12.12,0.78
SRINTL_6_UNIT,SANMATEO 20 {3133},PGEC,NP15,4,GAS,11.12,0.9
SALIRV_2_UNIT,TESLA     20 {3933},PGEC,NP15,35,GAS,11.12,0.9
SALTSP_7_UNITS,TESLA     20 {3933},PGEC,NP15,39,GEOTHERMAL,,0.9
SAMPSN_6_KELCO1,MISSION   20 {2233},SDGE,SP15,22,GAS,15.95,0.9
SANJOA_1_UNIT 1,TESLA     20 {3933},PGEC,NP15,45,HYDRO,,0.87
SANTFG_7_UNITS,FULTON   20 {3531},PGEC,NP15,80,GEOTHERMAL,,0.9
SANTGO_6_QF,MESA CAL  20 {2438},SCEC,SP15,14,BIOMASS,,0.85
SARGNT_2_UNIT,TESLA     20 {3933},PGEC,NP15,35,GAS,11.12,0.9
SAUGUS_6_QF,MESA CAL  20 {2438},SCEC,SP15,2,HYDRO,,0.87
SBERDO_2_QF,MESA CAL  20 {2438},SCEC,SP15,1,GAS,11.12,0.9
SBERDO_2_SNTANA,MESA CAL  20 {2438},SCEC,SP15,2,HYDRO,,0.87
SBERDO_7_UNIT 1,MESA CAL  20 {2438},TEK,SP15,64,GAS,10.8,0.78
SBERDO_7_UNIT 2,MESA CAL  20 {2438},TEK,SP15,62,GAS,10.8,0.78
SCEHOV_2_HOOVER,HOOVER   20 {1331},SCEC,SP15,277,HYDRO,,0.87
MTWIND_1_UNIT 1,MESA CAL  20 {2438},MISC,SP15,17,WIND,,0.2
MTWIND_1_UNIT 2,MESA CAL  20 {2438},MISC,SP15,17,WIND,,0.2
SEAWST_6_LAPOS,PITSBURG  20 {3234},PGEC,NP15,44,WIND,,0.2
SEGS_1_SEGS2,MESA CAL  20 {2438},SCEC,SP15,39,SOLAR,,0.2
SERRGN_6_UNIT 1,MESA CAL  20 {2438},SCEC,SP15,26,BIOMASS,,0.85
SGREGY_6_SANGER,MC CALL  20 {3433},PGEC,NP15,36,GAS,11.12,0.9
SHASTA_7_UNITS,ROUND MT  20 {3931},WAPA,NP15,606,HYDRO,,0.87
SHELL_1_SEKER,MIDWAY  20 {3835},PGEC,ZP26,18,GAS,11.12,0.9
SHELRF_1_UNITS,PITSBURG  20 {3234},PGEC,NP15,12,HYDRO,,0.87
SIERRA_1_UNITS,MIDWAY  20 {3835},PGEC,ZP26,45,GAS,11.12,0.9
LMBEPK_2_UNITA3,TESLA     20 {3933},PGEC,NP15,40,GAS,8.75,0.78
SLUISP_2_UNITS,TESLA     20 {3933},CDWR,NP15,326,HYDRO,,0.84
SLYCRK_1_UNIT 1,ROUND MT  20 {3931},PGEC,NP15,13,HYDRO,,0.87
SMARQF_1_UNIT 1,MIDWAY  20 {3835},PGEC,ZP26,10,GAS,11.12,0.9
SMPAND_7_UNIT,ROUND MT  20 {3931},PGEC,NP15,42,GAS,11.12,0.9
SMPPAP_6_UNIT,MESA CAL  20 {2438},SCEC,SP15,37,GAS,11.12,0.9
SMPRIP_1_SMPSON,TESLA     20 {3933},PGEC,NP15,44,GAS,11.12,0.9
SMRCOS_6_UNIT 1,MISSION   20 {2233},SDGE,SP15,4,BIOMASS,,0.85
SMUDGO_7_UNIT 1,FULTON   20 {3531},CPCO,NP15,53,GEOTHERMAL,,0.9
SNCLRA_6_QF,MESA CAL  20 {2438},SCEC,SP15,16,GAS,11.12,0.9
SNDBAR_7_UNIT 1,TESLA     20 {3933},PGEC,NP15,16,HYDRO,,0.87
SOBAY_7_GT1,MISSION   20 {2233},DETM,SP15,13,GAS,13.44,0.78
SOBAY_7_SY1,MISSION   20 {2233},DETM,SP15,146,GAS,10.12,0.78
SOBAY_7_SY2,MISSION   20 {2233},DETM,SP15,150,GAS,9.98,0.78
SOBAY_7_SY3,MISSION   20 {2233},DETM,SP15,175,GAS,10.19,0.78
SOBAY_7_SY4,MISSION   20 {2233},DETM,SP15,222,GAS,12.27,0.78
WSTFOR_6_UNIT,TESLA     20 {3933},MISC,NP15,12,BIOMASS,,0.85
SONGS_7_UNIT 2,MESA CAL  20 {2438},SCEC,SP15,1123,NUCLEAR,10.55,0.85
SONGS_7_UNIT 3,MESA CAL  20 {2438},SCEC,SP15,1109,NUCLEAR,10.55,0.85
SONOMA_6_UNIT,FULTON   20 {3531},PGEC,NP15,5,BIOMASS,,0.85
SOUTH_2_UNIT,ROUND MT  20 {3931},PGEC,NP15,6,HYDRO,,0.87
SPAULD_6_UNITS,SUMMIT   20 {3931},PGEC,NP15,21,HYDRO,,0.87
SPBURN_2_UNIT 1,ROUND MT  20 {3931},PGEC,NP15,15,BIOMASS,,0.85
SPI LI_2_UNIT 1,TESLA     20 {3933},PGEC,NP15,9,BIOMASS,,0.85
SPICER_1_UNITS,TESLA     20 {3933},NCPA,NP15,2,HYDRO,,0.87
SPQUIN_6_SRPCQU,ROUND MT  20 {3931},PGEC,NP15,20,HYDRO,,0.87
SPRGAP_1_UNIT 1,TESLA     20 {3933},PGEC,NP15,6,HYDRO,,0.87
SPRGCK_7_UNITS,ROUND MT  20 {3931},WAPA,NP15,190,HYDRO,,0.87
SPRGVL_2_QF,MESA CAL  20 {2438},SCEC,SP15,1,HYDRO,,0.87
SPRGVL_2_TULE,MESA CAL  20 {2438},PGEC,SP15,5,HYDRO,,0.87
SPRGVL_2_TULESC,MESA CAL  20 {2438},SCEC,SP15,2,HYDRO,,0.87
SPSUSN_6_UNIT,ROUND MT  20 {3931},PGEC,NP15,10,BIOMASS,,0.85
SRWTP_2_UNIT 1,TESLA     20 {3933},SMUD,NP15,97,GAS,9.42,0.78
STANIS_7_UNIT 1,TESLA     20 {3933},PGEC,NP15,81,HYDRO,,0.87
STAUFF_1_UNIT,PITSBURG  20 {3234},PGEC,NP15,2,GAS,11.12,0.9
STIGCT_2_LODI,TESLA     20 {3933},NCPA,NP15,44,GAS,12.12,0.78
STNRES_1_UNIT,TESLA     20 {3933},PGEC,NP15,18,BIOMASS,,0.85
STOILS_1_UNITS,PITSBURG  20 {3234},PGEC,NP15,99,GAS,11.12,0.9
STOKCG_1_UNIT 1,TESLA     20 {3933},PGEC,NP15,65,COAL,11.76,0.81
SUNGEN_1_SEGS 3,MESA CAL  20 {2438},SCEC,SP15,27,SOLAR,,0.2
SUNGEN_1_SEGS 4,MESA CAL  20 {2438},SCEC,SP15,27,SOLAR,,0.2
SUNGEN_1_SEGS 5,MESA CAL  20 {2438},SCEC,SP15,29,SOLAR,,0.2
SUNGEN_1_SEGS 6,MESA CAL  20 {2438},SCEC,SP15,28,SOLAR,,0.2
SUNGEN_1_SEGS 7,MESA CAL  20 {2438},SCEC,SP15,28,SOLAR,,0.2
SUNNY_1_UNIT,TESLA     20 {3933},PGEC,NP15,5,GAS,11.12,0.9
SUNRIS_2_PL1X3,MIDWAY  20 {3835},SCEC,ZP26,320,GAS,10.83,0.81
SUNSET_2_UNITS,MIDWAY  20 {3835},MDSC,ZP26,230,GAS,11.67,0.9
SUTTER_2_PL1X3,TESLA     20 {3933},CPCO,NP15,540,GAS,6.75,0.9
SYCAMR_2_UNITS,MESA CAL  20 {2438},SCEC,SP15,382,GAS,10,0.9
TANHIL_6_SOLART,MIDWAY  20 {3835},PGEC,ZP26,15,GAS,11.12,0.9
TBLMTN_6_QF,ROUND MT  20 {3931},PGEC,NP15,4,HYDRO,,0.87
TENACO_6_KERN,MIDWAY  20 {3835},PGEC,ZP26,16,GAS,11.12,0.9
TENGEN_6_UNIT 1,MESA CAL  20 {2438},SCEC,SP15,18,GAS,10.91,0.9
TENGEN_6_UNIT 2,MESA CAL  20 {2438},SCEC,SP15,18,GAS,12.11,0.9
TESLA_1_QF,TESLA     20 {3933},PGEC,NP15,2,HYDRO,,0.87
THMENG_1_UNIT 1,TESLA     20 {3933},PGEC,NP15,19,BIOMASS,,0.85
TIGRCK_7_UNITS,TESLA     20 {3933},PGEC,NP15,25,HYDRO,,0.87
MCCLUR_1_UNIT 1,TESLA     20 {3933},PGEC,NP15,2,HYDRO,,0.87
TOADTW_6_UNIT,ROUND MT  20 {3931},PGEC,NP15,1,HYDRO,,0.87
TRINPP_7_UNITS,ROUND MT  20 {3931},WAPA,NP15,140,HYDRO,,0.87
TULLCK_7_UNITS,TESLA     20 {3933},PGEC,NP15,16,HYDRO,,0.87
TXMCKT_6_UNIT,MIDWAY  20 {3835},PGEC,ZP26,6,GAS,11.12,0.9
TXNMID_1_UNIT 2,MIDWAY  20 {3835},PGEC,ZP26,16,GAS,15.53,0.9
UCDMED_7_UNIT,TESLA     20 {3933},UCDMC,NP15,23,GAS,9.45,0.78
ULTOGL_1_POSO,MIDWAY  20 {3835},PGEC,ZP26,33,COAL,11.76,0.81
ULTPBL_6_UNIT 1,HUMBOLDT 20 {3631},PGEC,NP15,10,BIOMASS,,0.85
ULTPCH_1_UNIT 1,TESLA     20 {3933},PGEC,NP15,18,BIOMASS,,0.85
ULTRGN_6_UNIT,MESA CAL  20 {2438},SCEC,SP15,31,COAL,11.46,0.81
UNCHEM_1_UNIT,PITSBURG  20 {3234},PGEC,NP15,23,GAS,12,0.78
UNIONV_7_UNIT 1,TESLA     20 {3933},SMUD,NP15,35,HYDRO,,0.87
CHINO_6_SMPPAP,MESA CAL  20 {2438},MISC,SP15,6,BIOMASS,,0.85
UNOCAL_1_UNITS,PITSBURG  20 {3234},PGEC,NP15,22,GAS,11.12,0.9
UNTDQF_7_UNITS,POTRERO  20 {3135},PGEC,NP15,26,GAS,11.12,0.9
UNVRSY_1_UNIT 1,MIDWAY  20 {3835},PGEC,ZP26,34,GAS,12.12,0.78
URBAN_6_NMED1,MISSION   20 {2233},SDGE,SP15,4,GAS,11.12,0.9
USWND1_2_UNITS,TESLA     20 {3933},PGEC,NP15,31,WIND,,0.2
USWND2_1_UNITS,TESLA     20 {3933},PGEC,NP15,183,WIND,,0.2
USWND4_2_UNITS,PITSBURG  20 {3234},PGEC,NP15,103,WIND,,0.2
USWNDR_2_UNITS,PITSBURG  20 {3234},PGEC,NP15,38,WIND,,0.2
USWPJR_2_UNITS,PITSBURG  20 {3234},PGEC,NP15,98,WIND,,0.2
VESTAL_2_KERN,MESA CAL  20 {2438},SCEC,SP15,33,WIND,,0.2
VESTAL_6_QF,MESA CAL  20 {2438},SCEC,SP15,10,HYDRO,,0.87
VINCNT_2_QF,MESA CAL  20 {2438},SCEC,SP15,324,WIND,,0.2
VISTA_2_MILLCK,MESA CAL  20 {2438},SCEC,SP15,2,HYDRO,,0.87
VOLTA_2_UNIT 1,ROUND MT  20 {3931},PGEC,NP15,8,HYDRO,,0.87
W.SPRG_6_UNIT 1,FULTON   20 {3531},PGEC,NP15,3,HYDRO,,0.87
WADHAM_6_UNIT,TESLA     20 {3933},PGEC,NP15,24,BIOMASS,,0.85
WALNUT_6_HILLGEN,MESA CAL  20 {2438},SCEC,SP15,43,BIOMASS,,0.85
WALNUT_6_QF,MESA CAL  20 {2438},SCEC,SP15,6,BIOMASS,,0.85
WARNE_2_UNIT,MESA CAL  20 {2438},CDWR,SP15,72,HYDRO,,0.87
WATSON_1_CICCOG,TESLA     20 {3933},PGEC,NP15,28,GAS,11.12,0.9
WDFRDF_2_UNITS,FULTON   20 {3531},PGEC,NP15,25,GEOTHERMAL,,0.9
WDLEAF_7_UNIT 1,ROUND MT  20 {3931},PGEC,NP15,55,HYDRO,,0.87
WEABKR_7_UNIT,TESLA     20 {3933},PGEC,NP15,1,HYDRO,,0.87
WEBER_2_DIAMND,TESLA     20 {3933},PGEC,NP15,4,BIOMASS,,0.85
WELLPT_1_UNOCAL,MIDWAY  20 {3835},PGEC,ZP26,4,GAS,11.12,0.9
WESTPT_2_UNIT,TESLA     20 {3933},PGEC,NP15,12,HYDRO,,0.87
WHTRK_7_UNIT 1,TESLA     20 {3933},SMUD,NP15,107,HYDRO,,0.87
WHTRK_7_UNIT 2,TESLA     20 {3933},SMUD,NP15,107,HYDRO,,0.87
WILLMT_6_UNIT 1,MESA CAL  20 {2438},SCEC,SP15,11,BIOMASS,,0.85
WISE_1_UNIT 1,SUMMIT   20 {3931},PGEC,NP15,13,HYDRO,,0.87
WISHON_6_UNITS,MC CALL  20 {3433},PGEC,NP15,14,HYDRO,,0.87
WN&AMD_6_UNIT 2,ROUND MT  20 {3931},PGEC,NP15,1,GEOTHERMAL,,0.9
WNDMAS_2_UNIT 1,PITSBURG  20 {3234},PGEC,NP15,42,WIND,,0.2
WOODLD_6_UNIT 1,TESLA     20 {3933},PGEC,NP15,3,HYDRO,,0.87
WSENGY_1_UNITS,ROUND MT  20 {3931},PGEC,NP15,71,BIOMASS,,0.85
WHTWTR_1_WINDA1,MESA CAL  20 {2438},SCEC,SP15,17,WIND,,0.2
YONTVL_1_UNIT,FULTON   20 {3531},PGEC,NP15,1,GAS,11.12,0.9
YUBACT_1_SUNSWT,TESLA     20 {3933},PGEC,NP15,44,GAS,9.84,0.9
ZOND_6_UNIT,TESLA     20 {3933},PGEC,NP15,14,WIND,,0.2
CCPA_2_UNIT 1,TESLA     20 {3933},MISC,NP15,22,GAS,12.12,0.78
CCPA_2_UNIT 2,TESLA     20 {3933},MISC,NP15,21,GAS,12.12,0.78