INTERVALSTARTTIME_GMT,INTERVALENDTIME_GMT,LOAD_TYPE,OPR_DT,OPR_HR,OPR_INTERVAL,MARKET_RUN_ID,TAC_AREA_NAME,LABEL,XML_DATA_ITEM,POS,MW,EXECUTION_TYPE,GROUP
2021-07-01T09:00:00-00:00,2021-07-01T10:00:00-00:00,0,2021-07-01,3,0,ACTUAL,AZPS,Total Actual Hourly Integrated Load,SYS_FCST_ACT_MW,3.8,3844,ACTUAL,1
2021-07-02T04:00:00-00:00,2021-07-02T05:00:00-00:00,0,2021-07-01,22,0,ACTUAL,AZPS,Total Actual Hourly Integrated Load,SYS_FCST_ACT_MW,3.8,5727,ACTUAL,1
2021-07-01T16:00:00-00:00,2021-07-01T17:00:00-00:00,0,2021-07-01,10,0,ACTUAL,AZPS,Total Actual Hourly Integrated Load,SYS_FCST_ACT_MW,3.8,4487,ACTUAL,1
2021-07-01T18:00:00-00:00,2021-07-01T19:00:00-00:00,0,2021-07-01,12,0,ACTUAL,AZPS,Total Actual Hourly Integrated Load,SYS_FCST_ACT_MW,3.8,5104,ACTUAL,1
2021-07-02T03:00:00-00:00,2021-07-02T04:00:00-00:00,0,2021-07-01,21,0,ACTUAL,AZPS,Total Actual Hourly Integrated Load,SYS_FCST_ACT_MW,3.8,6051,ACTUAL,1
2021-07-02T06:00:00-00:00,2021-07-02T07:00:00-00:00,0,2021-07-01,24,0,ACTUAL,AZPS,Total Actual Hourly Integrated Load,SYS_FCST_ACT_MW,3.8,4850,ACTUAL,1
2021-07-01T19:00:00-00:00,2021-07-01T20:00:00-00:00,0,2021-07-01,13,0,ACTUAL,AZPS,Total Actual Hourly Integrated Load,SYS_FCST_ACT_MW,3.8,5455,ACTUAL,1
2021-07-02T00:00:00-00:00,2021-07-02T01:00:00-00:00,0,2021-07-01,18,0,ACTUAL,AZPS,Total Actual Hourly Integrated Load,SYS_FCST_ACT_MW,3.8,6517,ACTUAL,1
2021-07-01T07:00:00-00:00,2021-07-01T08:00:00-00:00,0,2021-07-01,1,0,ACTUAL,AZPS,Total Actual Hourly Integrated Load,SYS_FCST_ACT_MW,3.8,4188,ACTUAL,1
2021-07-01T08:00:00-00:00,2021-07-01T09:00:00-00:00,0,2021-07-01,2,0,ACTUAL,AZPS,Total Actual Hourly Integrated Load,SYS_FCST_ACT_MW,3.8,3993,ACTUAL,1
2021-07-01T12:00:00-00:00,2021-07-01T13:00:00-00:00,0,2021-07-01,6,0,ACTUAL,AZPS,Total Actual Hourly Integrated Load,SYS_FCST_ACT_MW,3.8,3765,ACTUAL,1
2021-07-01T20:00:00-00:00,2021-07-01T21:00:00-00:00,0,2021-07-01,14,0,ACTUAL,AZPS,Total Actual Hourly Integrated Load,SYS_FCST_ACT_MW,3.8,5801,ACTUAL,1
2021-07-01T21:00:00-00:00,2021-07-01T22:00:00-00:00,0,2021-07-01,15,0,ACTUAL,AZPS,Total Actual Hourly Integrated Load,SYS_FCST_ACT_MW,3.8,6067,ACTUAL,1
2021-07-01T23:00:00-00:00,2021-07-02T00:00:00-00:00,0,2021-07-01,17,0,ACTUAL,AZPS,Total Actual Hourly Integrated Load,SYS_FCST_ACT_MW,3.8,6421,ACTUAL,1
2021-07-01T10:00:00-00:00,2021-07-01T11:00:00-00:00,0,2021-07-01,4,0,ACTUAL,AZPS,Total Actual Hourly Integrated Load,SYS_FCST_ACT_MW,3.8,3741,ACTUAL,1
2021-07-01T15:00:00-00:00,2021-07-01T16:00:00-00:00,0,2021-07-01,9,0,ACTUAL,AZPS,Total Actual Hourly Integrated Load,SYS_FCST_ACT_MW,3.8,4248,ACTUAL,1
2021-07-02T01:00:00-00:00,2021-07-02T02:00:00-00:00,0,2021-07-01,19,0,ACTUAL,AZPS,Total Actual Hourly Integrated Load,SYS_FCST_ACT_MW,3.8,6403,ACTUAL,1
2021-07-02T02:00:00-00:00,2021-07-02T03:00:00-00:00,0,2021-07-01,20,0,ACTUAL,AZPS,Total Actual Hourly Integrated Load,SYS_FCST_ACT_MW,3.8,6189,ACTUAL,1
2021-07-02T05:00:00-00:00,2021-07-02T06:00:00-00:00,0,2021-07-01,23,0,ACTUAL,AZPS,Total Actual Hourly Integrated Load,SYS_FCST_ACT_MW,3.8,5296,ACTUAL,1
2021-07-01T11:00:00-00:00,2021-07-01T12:00:00-00:00,0,2021-07-01,5,0,ACTUAL,AZPS,Total Actual Hourly Integrated Load,SYS_FCST_ACT_MW,3.8,3721,ACTUAL,1
2021-07-01T22:00:00-00:00,2021-07-01T23:00:00-00:00,0,2021-07-01,16,0,ACTUAL,AZPS,Total Actual Hourly Integrated Load,SYS_FCST_ACT_MW,3.8,6215,ACTUAL,1
2021-07-01T14:00:00-00:00,2021-07-01T15:00:00-00:00,0,2021-07-01,8,0,ACTUAL,AZPS,Total Actual Hourly Integrated Load,SYS_FCST_ACT_MW,3.8,4072,ACTUAL,1
2021-07-01T17:00:00-00:00,2021-07-01T18:00:00-00:00,0,2021-07-01,11,0,ACTUAL,AZPS,Total Actual Hourly Integrated Load,SYS_FCST_ACT_MW,3.8,4773,ACTUAL,1
2021-07-01T13:00:00-00:00,2021-07-01T14:00:00-00:00,0,2021-07-01,7,0,ACTUAL,AZPS,Total Actual Hourly Integrated Load,SYS_FCST_ACT_MW,3.8,3885,ACTUAL,1
2021-07-01T20:00:00-00:00,2021-07-01T21:00:00-00:00,0,2021-07-01,14,0,ACTUAL,BANC,Total Actual Hourly Integrated Load,SYS_FCST_ACT_MW,3.8,3049,ACTUAL,2
2021-07-01T22:00:00-00:00,2021-07-01T23:00:00-00:00,0,2021-07-01,16,0,ACTUAL,BANC,Total Actual Hourly Integrated Load,SYS_FCST_ACT_MW,3.8,3387,ACTUAL,2
2021-07-02T04:00:00-00:00,2021-07-02T05:00:00-00:00,0,2021-07-01,22,0,ACTUAL,BANC,Total Actual Hourly Integrated Load,SYS_FCST_ACT_MW,3.8,2343,ACTUAL,2
2021-07-01T23:00:00-00:00,2021-07-02T00:00:00-00:00,0,2021-07-01,17,0,ACTUAL,BANC,Total Actual Hourly Integrated Load,SYS_FCST_ACT_MW,3.8,3396,ACTUAL,2
2021-07-02T03:00:00-00:00,2021-07-02T04:00:00-00:00,0,2021-07-01,21,0,ACTUAL,BANC,Total Actual Hourly Integrated Load,SYS_FCST_ACT_MW,3.8,2628,ACTUAL,2
2021-07-02T06:00:00-00:00,2021-07-02T07:00:00-00:00,0,2021-07-01,24,0,ACTUAL,BANC,Total Actual Hourly Integrated Load,SYS_FCST_ACT_MW,3.8,1918,ACTUAL,2
2021-07-01T11:00:00-00:00,2021-07-01T12:00:00-00:00,0,2021-07-01,5,0,ACTUAL,BANC,Total Actual Hourly Integrated Load,SYS_FCST_ACT_MW,3.8,1724,ACTUAL,2
2021-07-01T16:00:00-00:00,2021-07-01T17:00:00-00:00,0,2021-07-01,10,0,ACTUAL,BANC,Total Actual Hourly Integrated Load,SYS_FCST_ACT_MW,3.8,2248,ACTUAL,2
2021-07-02T01:00:00-00:00,2021-07-02T02:00:00-00:00,0,2021-07-01,19,0,ACTUAL,BANC,Total Actual Hourly Integrated Load,SYS_FCST_ACT_MW,3.8,3056,ACTUAL,2
2021-07-02T05:00:00-00:00,2021-07-02T06:00:00-00:00,0,2021-07-01,23,0,ACTUAL,BANC,Total Actual Hourly Integrated Load,SYS_FCST_ACT_MW,3.8,2096,ACTUAL,2
2021-07-01T07:00:00-00:00,2021-07-01T08:00:00-00:00,0,2021-07-01,1,0,ACTUAL,BANC,Total Actual Hourly Integrated Load,SYS_FCST_ACT_MW,3.8,1768,ACTUAL,2
2021-07-01T08:00:00-00:00,2021-07-01T09:00:00-00:00,0,2021-07-01,2,0,ACTUAL,BANC,Total Actual Hourly Integrated Load,SYS_FCST_ACT_MW,3.8,1695,ACTUAL,2
2021-07-01T09:00:00-00:00,2021-07-01T10:00:00-00:00,0,2021-07-01,3,0,ACTUAL,BANC,Total Actual Hourly Integrated Load,SYS_FCST_ACT_MW,3.8,1662,ACTUAL,2
2021-07-01T21:00:00-00:00,2021-07-01T22:00:00-00:00,0,2021-07-01,15,0,ACTUAL,BANC,Total Actual Hourly Integrated Load,SYS_FCST_ACT_MW,3.8,3263,ACTUAL,2
2021-07-02T02:00:00-00:00,2021-07-02T03:00:00-00:00,0,2021-07-01,20,0,ACTUAL,BANC,Total Actual Hourly Integrated Load,SYS_FCST_ACT_MW,3.8,2872,ACTUAL,2
2021-07-01T10:00:00-00:00,2021-07-01T11:00:00-00:00,0,2021-07-01,4,0,ACTUAL,BANC,Total Actual Hourly Integrated Load,SYS_FCST_ACT_MW,3.8,1687,ACTUAL,2
2021-07-01T12:00:00-00:00,2021-07-01T13:00:00-00:00,0,2021-07-01,6,0,ACTUAL,BANC,Total Actual Hourly Integrated Load,SYS_FCST_ACT_MW,3.8,1810,ACTUAL,2
2021-07-01T13:00:00-00:00,2021-07-01T14:00:00-00:00,0,2021-07-01,7,0,ACTUAL,BANC,Total Actual Hourly Integrated Load,SYS_FCST_ACT_MW,3.8,1915,ACTUAL,2
2021-07-01T14:00:00-00:00,2021-07-01T15:00:00-00:00,0,2021-07-01,8,0,ACTUAL,BANC,Total Actual Hourly Integrated Load,SYS_FCST_ACT_MW,3.8,2006,ACTUAL,2
2021-07-01T17:00:00-00:00,2021-07-01T18:00:00-00:00,0,2021-07-01,11,0,ACTUAL,BANC,Total Actual Hourly Integrated Load,SYS_FCST_ACT_MW,3.8,2407,ACTUAL,2
2021-07-01T19:00:00-00:00,2021-07-01T20:00:00-00:00,0,2021-07-01,13,0,ACTUAL,BANC,Total Actual Hourly Integrated Load,SYS_FCST_ACT_MW,3.8,2833,ACTUAL,2
2021-07-01T15:00:00-00:00,2021-07-01T16:00:00-00:00,0,2021-07-01,9,0,ACTUAL,BANC,Total Actual Hourly Integrated Load,SYS_FCST_ACT_MW,3.8,2113,ACTUAL,2
2021-07-01T18:00:00-00:00,2021-07-01T19:00:00-00:00,0,2021-07-01,12,0,ACTUAL,BANC,Total Actual Hourly Integrated Load,SYS_FCST_ACT_MW,3.8,2595,ACTUAL,2
2021-07-02T00:00:00-00:00,2021-07-02T01:00:00-00:00,0,2021-07-01,18,0,ACTUAL,BANC,Total Actual Hourly Integrated Load,SYS_FCST_ACT_MW,3.8,3278,ACTUAL,2
2021-07-01T14:00:00-00:00,2021-07-01T15:00:00-00:00,0,2021-07-01,8,0,ACTUAL,BANCMID,Total Actual Hourly Integrated Load,SYS_FCST_ACT_MW,3.8,311,ACTUAL,3
2021-07-01T13:00:00-00:00,2021-07-01T14:00:00-00:00,0,2021-07-01,7,0,ACTUAL,BANCMID,Total Actual Hourly Integrated Load,SYS_FCST_ACT_MW,3.8,296,ACTUAL,3
2021-07-01T10:00:00-00:00,2021-07-01T11:00:00-00:00,0,2021-07-01,4,0,ACTUAL,BANCMID,Total Actual Hourly Integrated Load,SYS_FCST_ACT_MW,3.8,283,ACTUAL,3
2021-07-01T19:00:00-00:00,2021-07-01T20:00:00-00:00,0,2021-07-01,13,0,ACTUAL,BANCMID,Total Actual Hourly Integrated Load,SYS_FCST_ACT_MW,3.8,428,ACTUAL,3
2021-07-02T00:00:00-00:00,2021-07-02T01:00:00-00:00,0,2021-07-01,18,0,ACTUAL,BANCMID,Total Actual Hourly Integrated Load,SYS_FCST_ACT_MW,3.8,558,ACTUAL,3
2021-07-01T07:00:00-00:00,2021-07-01T08:00:00-00:00,0,2021-07-01,1,0,ACTUAL,BANCMID,Total Actual Hourly Integrated Load,SYS_FCST_ACT_MW,3.8,328,ACTUAL,3
2021-07-01T12:00:00-00:00,2021-07-01T13:00:00-00:00,0,2021-07-01,6,0,ACTUAL,BANCMID,Total Actual Hourly Integrated Load,SYS_FCST_ACT_MW,3.8,287,ACTUAL,3
2021-07-01T15:00:00-00:00,2021-07-01T16:00:00-00:00,0,2021-07-01,9,0,ACTUAL,BANCMID,Total Actual Hourly Integrated Load,SYS_FCST_ACT_MW,3.8,329,ACTUAL,3
2021-07-01T21:00:00-00:00,2021-07-01T22:00:00-00:00,0,2021-07-01,15,0,ACTUAL,BANCMID,Total Actual Hourly Integrated Load,SYS_FCST_ACT_MW,3.8,501,ACTUAL,3
2021-07-02T06:00:00-00:00,2021-07-02T07:00:00-00:00,0,2021-07-01,24,0,ACTUAL,BANCMID,Total Actual Hourly Integrated Load,SYS_FCST_ACT_MW,3.8,369,ACTUAL,3
2021-07-01T08:00:00-00:00,2021-07-01T09:00:00-00:00,0,2021-07-01,2,0,ACTUAL,BANCMID,Total Actual Hourly Integrated Load,SYS_FCST_ACT_MW,3.8,308,ACTUAL,3
2021-07-01T11:00:00-00:00,2021-07-01T12:00:00-00:00,0,2021-07-01,5,0,ACTUAL,BANCMID,Total Actual Hourly Integrated Load,SYS_FCST_ACT_MW,3.8,280,ACTUAL,3
2021-07-01T16:00:00-00:00,2021-07-01T17:00:00-00:00,0,2021-07-01,10,0,ACTUAL,BANCMID,Total Actual Hourly Integrated Load,SYS_FCST_ACT_MW,3.8,347,ACTUAL,3
2021-07-02T04:00:00-00:00,2021-07-02T05:00:00-00:00,0,2021-07-01,22,0,ACTUAL,BANCMID,Total Actual Hourly Integrated Load,SYS_FCST_ACT_MW,3.8,462,ACTUAL,3
2021-07-02T05:00:00-00:00,2021-07-02T06:00:00-00:00,0,2021-07-01,23,0,ACTUAL,BANCMID,Total Actual Hourly Integrated Load,SYS_FCST_ACT_MW,3.8,415,ACTUAL,3
2021-07-02T03:00:00-00:00,2021-07-02T04:00:00-00:00,0,2021-07-01,21,0,ACTUAL,BANCMID,Total Actual Hourly Integrated Load,SYS_FCST_ACT_MW,3.8,495,ACTUAL,3
2021-07-01T20:00:00-00:00,2021-07-01T21:00:00-00:00,0,2021-07-01,14,0,ACTUAL,BANCMID,Total Actual Hourly Integrated Load,SYS_FCST_ACT_MW,3.8,466,ACTUAL,3
2021-07-02T01:00:00-00:00,2021-07-02T02:00:00-00:00,0,2021-07-01,19,0,ACTUAL,BANCMID,Total Actual Hourly Integrated Load,SYS_FCST_ACT_MW,3.8,551,ACTUAL,3
2021-07-01T17:00:00-00:00,2021-07-01T18:00:00-00:00,0,2021-07-01,11,0,ACTUAL,BANCMID,Total Actual Hourly Integrated Load,SYS_FCST_ACT_MW,3.8,368,ACTUAL,3
2021-07-01T18:00:00-00:00,2021-07-01T19:00:00-00:00,0,2021-07-01,12,0,ACTUAL,BANCMID,Total Actual Hourly Integrated Load,SYS_FCST_ACT_MW,3.8,395,ACTUAL,3
2021-07-01T22:00:00-00:00,2021-07-01T23:00:00-00:00,0,2021-07-01,16,0,ACTUAL,BANCMID,Total Actual Hourly Integrated Load,SYS_FCST_ACT_MW,3.8,528,ACTUAL,3
2021-07-02T02:00:00-00:00,2021-07-02T03:00:00-00:00,0,2021-07-01,20,0,ACTUAL,BANCMID,Total Actual Hourly Integrated Load,SYS_FCST_ACT_MW,3.8,527,ACTUAL,3
2021-07-01T09:00:00-00:00,2021-07-01T10:00:00-00:00,0,2021-07-01,3,0,ACTUAL,BANCMID,Total Actual Hourly Integrated Load,SYS_FCST_ACT_MW,3.8,293,ACTUAL,3
2021-07-01T23:00:00-00:00,2021-07-02T00:00:00-00:00,0,2021-07-01,17,0,ACTUAL,BANCMID,Total Actual Hourly Integrated Load,SYS_FCST_ACT_MW,3.8,549,ACTUAL,3
2021-07-02T01:00:00-00:00,2021-07-02T02:00:00-00:00,0,2021-07-01,19,0,ACTUAL,BANCRDNG,Total Actual Hourly Integrated Load,SYS_FCST_ACT_MW,3.8,226,ACTUAL,4
2021-07-01T15:00:00-00:00,2021-07-01T16:00:00-00:00,0,2021-07-01,9,0,ACTUAL,BANCRDNG,Total Actual Hourly Integrated Load,SYS_FCST_ACT_MW,3.8,143,ACTUAL,4
2021-07-01T11:00:00-00:00,2021-07-01T12:00:00-00:00,0,2021-07-01,5,0,ACTUAL,BANCRDNG,Total Actual Hourly Integrated Load,SYS_FCST_ACT_MW,3.8,111,ACTUAL,4
2021-07-01T07:00:00-00:00,2021-07-01T08:00:00-00:00,0,2021-07-01,1,0,ACTUAL,BANCRDNG,Total Actual Hourly Integrated Load,SYS_FCST_ACT_MW,3.8,138,ACTUAL,4
2021-07-02T06:00:00-00:00,2021-07-02T07:00:00-00:00,0,2021-07-01,24,0,ACTUAL,BANCRDNG,Total Actual Hourly Integrated Load,SYS_FCST_ACT_MW,3.8,141,ACTUAL,4
2021-07-02T05:00:00-00:00,2021-07-02T06:00:00-00:00,0,2021-07-01,23,0,ACTUAL,BANCRDNG,Total Actual Hourly Integrated Load,SYS_FCST_ACT_MW,3.8,158,ACTUAL,4
2021-07-02T03:00:00-00:00,2021-07-02T04:00:00-00:00,0,2021-07-01,21,0,ACTUAL,BANCRDNG,Total Actual Hourly Integrated Load,SYS_FCST_ACT_MW,3.8,195,ACTUAL,4
2021-07-01T22:00:00-00:00,2021-07-01T23:00:00-00:00,0,2021-07-01,16,0,ACTUAL,BANCRDNG,Total Actual Hourly Integrated Load,SYS_FCST_ACT_MW,3.8,232,ACTUAL,4
2021-07-01T19:00:00-00:00,2021-07-01T20:00:00-00:00,0,2021-07-01,13,0,ACTUAL,BANCRDNG,Total Actual Hourly Integrated Load,SYS_FCST_ACT_MW,3.8,200,ACTUAL,4
2021-07-01T18:00:00-00:00,2021-07-01T19:00:00-00:00,0,2021-07-01,12,0,ACTUAL,BANCRDNG,Total Actual Hourly Integrated Load,SYS_FCST_ACT_MW,3.8,183,ACTUAL,4
2021-07-01T12:00:00-00:00,2021-07-01T13:00:00-00:00,0,2021-07-01,6,0,ACTUAL,BANCRDNG,Total Actual Hourly Integrated Load,SYS_FCST_ACT_MW,3.8,113,ACTUAL,4
2021-07-01T16:00:00-00:00,2021-07-01T17:00:00-00:00,0,2021-07-01,10,0,ACTUAL,BANCRDNG,Total Actual Hourly Integrated Load,SYS_FCST_ACT_MW,3.8,154,ACTUAL,4
2021-07-01T09:00:00-00:00,2021-07-01T10:00:00-00:00,0,2021-07-01,3,0,ACTUAL,BANCRDNG,Total Actual Hourly Integrated Load,SYS_FCST_ACT_MW,3.8,118,ACTUAL,4
2021-07-02T04:00:00-00:00,2021-07-02T05:00:00-00:00,0,2021-07-01,22,0,ACTUAL,BANCRDNG,Total Actual Hourly Integrated Load,SYS_FCST_ACT_MW,3.8,178,ACTUAL,4
2021-07-02T02:00:00-00:00,2021-07-02T03:00:00-00:00,0,2021-07-01,20,0,ACTUAL,BANCRDNG,Total Actual Hourly Integrated Load,SYS_FCST_ACT_MW,3.8,212,ACTUAL,4
2021-07-01T21:00:00-00:00,2021-07-01T22:00:00-00:00,0,2021-07-01,15,0,ACTUAL,BANCRDNG,Total Actual Hourly Integrated Load,SYS_FCST_ACT_MW,3.8,226,ACTUAL,4
2021-07-01T17:00:00-00:00,2021-07-01T18:00:00-00:00,0,2021-07-01,11,0,ACTUAL,BANCRDNG,Total Actual Hourly Integrated Load,SYS_FCST_ACT_MW,3.8,167,ACTUAL,4
2021-07-02T00:00:00-00:00,2021-07-02T01:00:00-00:00,0,2021-07-01,18,0,ACTUAL,BANCRDNG,Total Actual Hourly Integrated Load,SYS_FCST_ACT_MW,3.8,233,ACTUAL,4
2021-07-01T20:00:00-00:00,2021-07-01T21:00:00-00:00,0,2021-07-01,14,0,ACTUAL,BANCRDNG,Total Actual Hourly Integrated Load,SYS_FCST_ACT_MW,3.8,215,ACTUAL,4
2021-07-01T08:00:00-00:00,2021-07-01T09:00:00-00:00,0,2021-07-01,2,0,ACTUAL,BANCRDNG,Total Actual Hourly Integrated Load,SYS_FCST_ACT_MW,3.8,127,ACTUAL,4
2021-07-01T10:00:00-00:00,2021-07-01T11:00:00-00:00,0,2021-07-01,4,0,ACTUAL,BANCRDNG,Total Actual Hourly Integrated Load,SYS_FCST_ACT_MW,3.8,112,ACTUAL,4
2021-07-01T23:00:00-00:00,2021-07-02T00:00:00-00:00,0,2021-07-01,17,0,ACTUAL,BANCRDNG,Total Actual Hourly Integrated Load,SYS_FCST_ACT_MW,3.8,234,ACTUAL,4
2021-07-01T14:00:00-00:00,2021-07-01T15:00:00-00:00,0,2021-07-01,8,0,ACTUAL,BANCRDNG,Total Actual Hourly Integrated Load,SYS_FCST_ACT_MW,3.8,132,ACTUAL,4
2021-07-01T13:00:00-00:00,2021-07-01T14:00:00-00:00,0,2021-07-01,7,0,ACTUAL,BANCRDNG,Total Actual Hourly Integrated Load,SYS_FCST_ACT_MW,3.8,120,ACTUAL,4
2021-07-02T01:00:00-00:00,2021-07-02T02:00:00-00:00,0,2021-07-01,19,0,ACTUAL,BANCRSVL,Total Actual Hourly Integrated Load,SYS_FCST_ACT_MW,3.8,252,ACTUAL,5
2021-07-01T09:00:00-00:00,2021-07-01T10:00:00-00:00,0,2021-07-01,3,0,ACTUAL,BANCRSVL,Total Actual Hourly Integrated Load,SYS_FCST_ACT_MW,3.8,112,ACTUAL,5
2021-07-01T15:00:00-00:00,2021-07-01T16:00:00-00:00,0,2021-07-01,9,0,ACTUAL,BANCRSVL,Total Actual Hourly Integrated Load,SYS_FCST_ACT_MW,3.8,134,ACTUAL,5
2021-07-01T14:00:00-00:00,2021-07-01T15:00:00-00:00,0,2021-07-01,8,0,ACTUAL,BANCRSVL,Total Actual Hourly Integrated Load,SYS_FCST_ACT_MW,3.8,124,ACTUAL,5
2021-07-01T11:00:00-00:00,2021-07-01T12:00:00-00:00,0,2021-07-01,5,0,ACTUAL,BANCRSVL,Total Actual Hourly Integrated Load,SYS_FCST_ACT_MW,3.8,108,ACTUAL,5
2021-07-02T06:00:00-00:00,2021-07-02T07:00:00-00:00,0,2021-07-01,24,0,ACTUAL,BANCRSVL,Total Actual Hourly Integrated Load,SYS_FCST_ACT_MW,3.8,151,ACTUAL,5
2021-07-02T05:00:00-00:00,2021-07-02T06:00:00-00:00,0,2021-07-01,23,0,ACTUAL,BANCRSVL,Total Actual Hourly Integrated Load,SYS_FCST_ACT_MW,3.8,173,ACTUAL,5
2021-07-02T00:00:00-00:00,2021-07-02T01:00:00-00:00,0,2021-07-01,18,0,ACTUAL,BANCRSVL,Total Actual Hourly Integrated Load,SYS_FCST_ACT_MW,3.8,257,ACTUAL,5
2021-07-01T16:00:00-00:00,2021-07-01T17:00:00-00:00,0,2021-07-01,10,0,ACTUAL,BANCRSVL,Total Actual Hourly Integrated Load,SYS_FCST_ACT_MW,3.8,144,ACTUAL,5
2021-07-01T13:00:00-00:00,2021-07-01T14:00:00-00:00,0,2021-07-01,7,0,ACTUAL,BANCRSVL,Total Actual Hourly Integrated Load,SYS_FCST_ACT_MW,3.8,115,ACTUAL,5
2021-07-02T02:00:00-00:00,2021-07-02T03:00:00-00:00,0,2021-07-01,20,0,ACTUAL,BANCRSVL,Total Actual Hourly Integrated Load,SYS_FCST_ACT_MW,3.8,238,ACTUAL,5
2021-07-01T20:00:00-00:00,2021-07-01T21:00:00-00:00,0,2021-07-01,14,0,ACTUAL,BANCRSVL,Total Actual Hourly Integrated Load,SYS_FCST_ACT_MW,3.8,194,ACTUAL,5
2021-07-01T18:00:00-00:00,2021-07-01T19:00:00-00:00,0,2021-07-01,12,0,ACTUAL,BANCRSVL,Total Actual Hourly Integrated Load,SYS_FCST_ACT_MW,3.8,163,ACTUAL,5
2021-07-01T10:00:00-00:00,2021-07-01T11:00:00-00:00,0,2021-07-01,4,0,ACTUAL,BANCRSVL,Total Actual Hourly Integrated Load,SYS_FCST_ACT_MW,3.8,108,ACTUAL,5
2021-07-01T07:00:00-00:00,2021-07-01T08:00:00-00:00,0,2021-07-01,1,0,ACTUAL,BANCRSVL,Total Actual Hourly Integrated Load,SYS_FCST_ACT_MW,3.8,130,ACTUAL,5
2021-07-01T17:00:00-00:00,2021-07-01T18:00:00-00:00,0,2021-07-01,11,0,ACTUAL,BANCRSVL,Total Actual Hourly Integrated Load,SYS_FCST_ACT_MW,3.8,152,ACTUAL,5
2021-07-01T21:00:00-00:00,2021-07-01T22:00:00-00:00,0,2021-07-01,15,0,ACTUAL,BANCRSVL,Total Actual Hourly Integrated Load,SYS_FCST_ACT_MW,3.8,214,ACTUAL,5
2021-07-01T08:00:00-00:00,2021-07-01T09:00:00-00:00,0,2021-07-01,2,0,ACTUAL,BANCRSVL,Total Actual Hourly Integrated Load,SYS_FCST_ACT_MW,3.8,119,ACTUAL,5
2021-07-02T04:00:00-00:00,2021-07-02T05:00:00-00:00,0,2021-07-01,22,0,ACTUAL,BANCRSVL,Total Actual Hourly Integrated Load,SYS_FCST_ACT_MW,3.8,199,ACTUAL,5
2021-07-01T23:00:00-00:00,2021-07-02T00:00:00-00:00,0,2021-07-01,17,0,ACTUAL,BANCRSVL,Total Actual Hourly Integrated Load,SYS_FCST_ACT_MW,3.8,251,ACTUAL,5
2021-07-01T22:00:00-00:00,2021-07-01T23:00:00-00:00,0,2021-07-01,16,0,ACTUAL,BANCRSVL,Total Actual Hourly Integrated Load,SYS_FCST_ACT_MW,3.8,234,ACTUAL,5
2021-07-01T19:00:00-00:00,2021-07-01T20:00:00-00:00,0,2021-07-01,13,0,ACTUAL,BANCRSVL,Total Actual Hourly Integrated Load,SYS_FCST_ACT_MW,3.8,177,ACTUAL,5
2021-07-01T12:00:00-00:00,2021-07-01T13:00:00-00:00,0,2021-07-01,6,0,ACTUAL,BANCRSVL,Total Actual Hourly Integrated Load,SYS_FCST_ACT_MW,3.8,111,ACTUAL,5
2021-07-02T03:00:00-00:00,2021-07-02T04:00:00-00:00,0,2021-07-01,21,0,ACTUAL,BANCRSVL,Total Actual Hourly Integrated Load,SYS_FCST_ACT_MW,3.8,220,ACTUAL,5
2021-07-01T12:00:00-00:00,2021-07-01T13:00:00-00:00,0,2021-07-01,6,0,ACTUAL,BANCSMUD,Total Actual Hourly Integrated Load,SYS_FCST_ACT_MW,3.8,1061,ACTUAL,6
2021-07-01T13:00:00-00:00,2021-07-01T14:00:00-00:00,0,2021-07-01,7,0,ACTUAL,BANCSMUD,Total Actual Hourly Integrated Load,SYS_FCST_ACT_MW,3.8,1106,ACTUAL,6
2021-07-01T22:00:00-00:00,2021-07-01T23:00:00-00:00,0,2021-07-01,16,0,ACTUAL,BANCSMUD,Total Actual Hourly Integrated Load,SYS_FCST_ACT_MW,3.8,2030,ACTUAL,6
2021-07-02T04:00:00-00:00,2021-07-02T05:00:00-00:00,0,2021-07-01,22,0,ACTUAL,BANCSMUD,Total Actual Hourly Integrated Load,SYS_FCST_ACT_MW,3.8,1678,ACTUAL,6
2021-07-01T07:00:00-00:00,2021-07-01T08:00:00-00:00,0,2021-07-01,1,0,ACTUAL,BANCSMUD,Total Actual Hourly Integrated Load,SYS_FCST_ACT_MW,3.8,1171,ACTUAL,6
2021-07-01T08:00:00-00:00,2021-07-01T09:00:00-00:00,0,2021-07-01,2,0,ACTUAL,BANCSMUD,Total Actual Hourly Integrated Load,SYS_FCST_ACT_MW,3.8,1086,ACTUAL,6
2021-07-01T09:00:00-00:00,2021-07-01T10:00:00-00:00,0,2021-07-01,3,0,ACTUAL,BANCSMUD,Total Actual Hourly Integrated Load,SYS_FCST_ACT_MW,3.8,1032,ACTUAL,6
2021-07-02T00:00:00-00:00,2021-07-02T01:00:00-00:00,0,2021-07-01,18,0,ACTUAL,BANCSMUD,Total Actual Hourly Integrated Load,SYS_FCST_ACT_MW,3.8,2143,ACTUAL,6
2021-07-02T03:00:00-00:00,2021-07-02T04:00:00-00:00,0,2021-07-01,21,0,ACTUAL,BANCSMUD,Total Actual Hourly Integrated Load,SYS_FCST_ACT_MW,3.8,1816,ACTUAL,6
2021-07-01T14:00:00-00:00,2021-07-01T15:00:00-00:00,0,2021-07-01,8,0,ACTUAL,BANCSMUD,Total Actual Hourly Integrated Load,SYS_FCST_ACT_MW,3.8,1170,ACTUAL,6
2021-07-01T18:00:00-00:00,2021-07-01T19:00:00-00:00,0,2021-07-01,12,0,ACTUAL,BANCSMUD,Total Actual Hourly Integrated Load,SYS_FCST_ACT_MW,3.8,1468,ACTUAL,6
2021-07-01T19:00:00-00:00,2021-07-01T20:00:00-00:00,0,2021-07-01,13,0,ACTUAL,BANCSMUD,Total Actual Hourly Integrated Load,SYS_FCST_ACT_MW,3.8,1582,ACTUAL,6
2021-07-01T23:00:00-00:00,2021-07-02T00:00:00-00:00,0,2021-07-01,17,0,ACTUAL,BANCSMUD,Total Actual Hourly Integrated Load,SYS_FCST_ACT_MW,3.8,2128,ACTUAL,6
2021-07-01T10:00:00-00:00,2021-07-01T11:00:00-00:00,0,2021-07-01,4,0,ACTUAL,BANCSMUD,Total Actual Hourly Integrated Load,SYS_FCST_ACT_MW,3.8,1009,ACTUAL,6
2021-07-02T02:00:00-00:00,2021-07-02T03:00:00-00:00,0,2021-07-01,20,0,ACTUAL,BANCSMUD,Total Actual Hourly Integrated Load,SYS_FCST_ACT_MW,3.8,1957,ACTUAL,6
2021-07-02T05:00:00-00:00,2021-07-02T06:00:00-00:00,0,2021-07-01,23,0,ACTUAL,BANCSMUD,Total Actual Hourly Integrated Load,SYS_FCST_ACT_MW,3.8,1495,ACTUAL,6
2021-07-01T11:00:00-00:00,2021-07-01T12:00:00-00:00,0,2021-07-01,5,0,ACTUAL,BANCSMUD,Total Actual Hourly Integrated Load,SYS_FCST_ACT_MW,3.8,1023,ACTUAL,6
2021-07-01T16:00:00-00:00,2021-07-01T17:00:00-00:00,0,2021-07-01,10,0,ACTUAL,BANCSMUD,Total Actual Hourly Integrated Load,SYS_FCST_ACT_MW,3.8,1297,ACTUAL,6
2021-07-01T17:00:00-00:00,2021-07-01T18:00:00-00:00,0,2021-07-01,11,0,ACTUAL,BANCSMUD,Total Actual Hourly Integrated Load,SYS_FCST_ACT_MW,3.8,1371,ACTUAL,6
2021-07-02T01:00:00-00:00,2021-07-02T02:00:00-00:00,0,2021-07-01,19,0,ACTUAL,BANCSMUD,Total Actual Hourly Integrated Load,SYS_FCST_ACT_MW,3.8,2083,ACTUAL,6
2021-07-02T06:00:00-00:00,2021-07-02T07:00:00-00:00,0,2021-07-01,24,0,ACTUAL,BANCSMUD,Total Actual Hourly Integrated Load,SYS_FCST_ACT_MW,3.8,1330,ACTUAL,6
2021-07-01T15:00:00-00:00,2021-07-01T16:00:00-00:00,0,2021-07-01,9,0,ACTUAL,BANCSMUD,Total Actual Hourly Integrated Load,SYS_FCST_ACT_MW,3.8,1235,ACTUAL,6
2021-07-01T20:00:00-00:00,2021-07-01T21:00:00-00:00,0,2021-07-01,14,0,ACTUAL,BANCSMUD,Total Actual Hourly Integrated Load,SYS_FCST_ACT_MW,3.8,1727,ACTUAL,6
2021-07-01T21:00:00-00:00,2021-07-01T22:00:00-00:00,0,2021-07-01,15,0,ACTUAL,BANCSMUD,Total Actual Hourly Integrated Load,SYS_FCST_ACT_MW,3.8,1885,ACTUAL,6
2021-07-02T04:00:00-00:00,2021-07-02T05:00:00-00:00,0,2021-07-01,22,0,ACTUAL,BANCWASN,Total Actual Hourly Integrated Load,SYS_FCST_ACT_MW,3.8,43,ACTUAL,7
2021-07-02T06:00:00-00:00,2021-07-02T07:00:00-00:00,0,2021-07-01,24,0,ACTUAL,BANCWASN,Total Actual Hourly Integrated Load,SYS_FCST_ACT_MW,3.8,39,ACTUAL,7
2021-07-01T19:00:00-00:00,2021-07-01T20:00:00-00:00,0,2021-07-01,13,0,ACTUAL,BANCWASN,Total Actual Hourly Integrated Load,SYS_FCST_ACT_MW,3.8,46,ACTUAL,7
2021-07-01T15:00:00-00:00,2021-07-01T16:00:00-00:00,0,2021-07-01,9,0,ACTUAL,BANCWASN,Total Actual Hourly Integrated Load,SYS_FCST_ACT_MW,3.8,37,ACTUAL,7
2021-07-01T10:00:00-00:00,2021-07-01T11:00:00-00:00,0,2021-07-01,4,0,ACTUAL,BANCWASN,Total Actual Hourly Integrated Load,SYS_FCST_ACT_MW,3.8,31,ACTUAL,7
2021-07-02T02:00:00-00:00,2021-07-02T03:00:00-00:00,0,2021-07-01,20,0,ACTUAL,BANCWASN,Total Actual Hourly Integrated Load,SYS_FCST_ACT_MW,3.8,50,ACTUAL,7
2021-07-01T22:00:00-00:00,2021-07-01T23:00:00-00:00,0,2021-07-01,16,0,ACTUAL,BANCWASN,Total Actual Hourly Integrated Load,SYS_FCST_ACT_MW,3.8,53,ACTUAL,7
2021-07-01T20:00:00-00:00,2021-07-01T21:00:00-00:00,0,2021-07-01,14,0,ACTUAL,BANCWASN,Total Actual Hourly Integrated Load,SYS_FCST_ACT_MW,3.8,48,ACTUAL,7
2021-07-02T05:00:00-00:00,2021-07-02T06:00:00-00:00,0,2021-07-01,23,0,ACTUAL,BANCWASN,Total Actual Hourly Integrated Load,SYS_FCST_ACT_MW,3.8,40,ACTUAL,7
2021-07-01T17:00:00-00:00,2021-07-01T18:00:00-00:00,0,2021-07-01,11,0,ACTUAL,BANCWASN,Total Actual Hourly Integrated Load,SYS_FCST_ACT_MW,3.8,39,ACTUAL,7
2021-07-02T00:00:00-00:00,2021-07-02T01:00:00-00:00,0,2021-07-01,18,0,ACTUAL,BANCWASN,Total Actual Hourly Integrated Load,SYS_FCST_ACT_MW,3.8,55,ACTUAL,7
2021-07-01T23:00:00-00:00,2021-07-02T00:00:00-00:00,0,2021-07-01,17,0,ACTUAL,BANCWASN,Total Actual Hourly Integrated Load,SYS_FCST_ACT_MW,3.8,56,ACTUAL,7
2021-07-01T21:00:00-00:00,2021-07-01T22:00:00-00:00,0,2021-07-01,15,0,ACTUAL,BANCWASN,Total Actual Hourly Integrated Load,SYS_FCST_ACT_MW,3.8,48,ACTUAL,7
2021-07-01T18:00:00-00:00,2021-07-01T19:00:00-00:00,0,2021-07-01,12,0,ACTUAL,BANCWASN,Total Actual Hourly Integrated Load,SYS_FCST_ACT_MW,3.8,43,ACTUAL,7
2021-07-01T14:00:00-00:00,2021-07-01T15:00:00-00:00,0,2021-07-01,8,0,ACTUAL,BANCWASN,Total Actual Hourly Integrated Load,SYS_FCST_ACT_MW,3.8,36,ACTUAL,7
2021-07-01T07:00:00-00:00,2021-07-01T08:00:00-00:00,0,2021-07-01,1,0,ACTUAL,BANCWASN,Total Actual Hourly Integrated Load,SYS_FCST_ACT_MW,3.8,38,ACTUAL,7
2021-07-01T12:00:00-00:00,2021-07-01T13:00:00-00:00,0,2021-07-01,6,0,ACTUAL,BANCWASN,Total Actual Hourly Integrated Load,SYS_FCST_ACT_MW,3.8,33,ACTUAL,7
2021-07-01T11:00:00-00:00,2021-07-01T12:00:00-00:00,0,2021-07-01,5,0,ACTUAL,BANCWASN,Total Actual Hourly Integrated Load,SYS_FCST_ACT_MW,3.8,33,ACTUAL,7
2021-07-01T09:00:00-00:00,2021-07-01T10:00:00-00:00,0,2021-07-01,3,0,ACTUAL,BANCWASN,Total Actual Hourly Integrated Load,SYS_FCST_ACT_MW,3.8,33,ACTUAL,7
2021-07-02T03:00:00-00:00,2021-07-02T04:00:00-00:00,0,2021-07-01,21,0,ACTUAL,BANCWASN,Total Actual Hourly Integrated Load,SYS_FCST_ACT_MW,3.8,48,ACTUAL,7
2021-07-01T16:00:00-00:00,2021-07-01T17:00:00-00:00,0,2021-07-01,10,0,ACTUAL,BANCWASN,Total Actual Hourly Integrated Load,SYS_FCST_ACT_MW,3.8,37,ACTUAL,7
2021-07-01T13:00:00-00:00,2021-07-01T14:00:00-00:00,0,2021-07-01,7,0,ACTUAL,BANCWASN,Total Actual Hourly Integrated Load,SYS_FCST_ACT_MW,3.8,34,ACTUAL,7
2021-07-01T08:00:00-00:00,2021-07-01T09:00:00-00:00,0,2021-07-01,2,0,ACTUAL,BANCWASN,Total Actual Hourly Integrated Load,SYS_FCST_ACT_MW,3.8,36,ACTUAL,7
2021-07-02T01:00:00-00:00,2021-07-02T02:00:00-00:00,0,2021-07-01,19,0,ACTUAL,BANCWASN,Total Actual Hourly Integrated Load,SYS_FCST_ACT_MW,3.8,52,ACTUAL,7
2021-07-02T06:00:00-00:00,2021-07-02T07:00:00-00:00,0,2021-07-01,24,0,ACTUAL,BCHA,Total Actual Hourly Integrated Load,SYS_FCST_ACT_MW,3.8,6429,ACTUAL,8
2021-07-01T21:00:00-00:00,2021-07-01T22:00:00-00:00,0,2021-07-01,15,0,ACTUAL,BCHA,Total Actual Hourly Integrated Load,SYS_FCST_ACT_MW,3.8,7620,ACTUAL,8
2021-07-01T08:00:00-00:00,2021-07-01T09:00:00-00:00,0,2021-07-01,2,0,ACTUAL,BCHA,Total Actual Hourly Integrated Load,SYS_FCST_ACT_MW,3.8,6227,ACTUAL,8
2021-07-02T02:00:00-00:00,2021-07-02T03:00:00-00:00,0,2021-07-01,20,0,ACTUAL,BCHA,Total Actual Hourly Integrated Load,SYS_FCST_ACT_MW,3.8,7493,ACTUAL,8
2021-07-01T16:00:00-00:00,2021-07-01T17:00:00-00:00,0,2021-07-01,10,0,ACTUAL,BCHA,Total Actual Hourly Integrated Load,SYS_FCST_ACT_MW,3.8,7170,ACTUAL,8
2021-07-02T04:00:00-00:00,2021-07-02T05:00:00-00:00,0,2021-07-01,22,0,ACTUAL,BCHA,Total Actual Hourly Integrated Load,SYS_FCST_ACT_MW,3.8,7185,ACTUAL,8
2021-07-01T19:00:00-00:00,2021-07-01T20:00:00-00:00,0,2021-07-01,13,0,ACTUAL,BCHA,Total Actual Hourly Integrated Load,SYS_FCST_ACT_MW,3.8,7594,ACTUAL,8
2021-07-02T01:00:00-00:00,2021-07-02T02:00:00-00:00,0,2021-07-01,19,0,ACTUAL,BCHA,Total Actual Hourly Integrated Load,SYS_FCST_ACT_MW,3.8,7666,ACTUAL,8
2021-07-01T14:00:00-00:00,2021-07-01T15:00:00-00:00,0,2021-07-01,8,0,ACTUAL,BCHA,Total Actual Hourly Integrated Load,SYS_FCST_ACT_MW,3.8,6534,ACTUAL,8
2021-07-01T12:00:00-00:00,2021-07-01T13:00:00-00:00,0,2021-07-01,6,0,ACTUAL,BCHA,Total Actual Hourly Integrated Load,SYS_FCST_ACT_MW,3.8,5993,ACTUAL,8
2021-07-01T23:00:00-00:00,2021-07-02T00:00:00-00:00,0,2021-07-01,17,0,ACTUAL,BCHA,Total Actual Hourly Integrated Load,SYS_FCST_ACT_MW,3.8,7707,ACTUAL,8
2021-07-01T20:00:00-00:00,2021-07-01T21:00:00-00:00,0,2021-07-01,14,0,ACTUAL,BCHA,Total Actual Hourly Integrated Load,SYS_FCST_ACT_MW,3.8,7603,ACTUAL,8
2021-07-01T15:00:00-00:00,2021-07-01T16:00:00-00:00,0,2021-07-01,9,0,ACTUAL,BCHA,Total Actual Hourly Integrated Load,SYS_FCST_ACT_MW,3.8,6864,ACTUAL,8
2021-07-01T11:00:00-00:00,2021-07-01T12:00:00-00:00,0,2021-07-01,5,0,ACTUAL,BCHA,Total Actual Hourly Integrated Load,SYS_FCST_ACT_MW,3.8,5938,ACTUAL,8
2021-07-01T10:00:00-00:00,2021-07-01T11:00:00-00:00,0,2021-07-01,4,0,ACTUAL,BCHA,Total Actual Hourly Integrated Load,SYS_FCST_ACT_MW,3.8,5965,ACTUAL,8
2021-07-01T07:00:00-00:00,2021-07-01T08:00:00-00:00,0,2021-07-01,1,0,ACTUAL,BCHA,Total Actual Hourly Integrated Load,SYS_FCST_ACT_MW,3.8,6486,ACTUAL,8
2021-07-02T05:00:00-00:00,2021-07-02T06:00:00-00:00,0,2021-07-01,23,0,ACTUAL,BCHA,Total Actual Hourly Integrated Load,SYS_FCST_ACT_MW,3.8,6862,ACTUAL,8
2021-07-02T03:00:00-00:00,2021-07-02T04:00:00-00:00,0,2021-07-01,21,0,ACTUAL,BCHA,Total Actual Hourly Integrated Load,SYS_FCST_ACT_MW,3.8,7314,ACTUAL,8
2021-07-02T00:00:00-00:00,2021-07-02T01:00:00-00:00,0,2021-07-01,18,0,ACTUAL,BCHA,Total Actual Hourly Integrated Load,SYS_FCST_ACT_MW,3.8,7754,ACTUAL,8
2021-07-01T22:00:00-00:00,2021-07-01T23:00:00-00:00,0,2021-07-01,16,0,ACTUAL,BCHA,Total Actual Hourly Integrated Load,SYS_FCST_ACT_MW,3.8,7632,ACTUAL,8
2021-07-01T09:00:00-00:00,2021-07-01T10:00:00-00:00,0,2021-07-01,3,0,ACTUAL,BCHA,Total Actual Hourly Integrated Load,SYS_FCST_ACT_MW,3.8,6063,ACTUAL,8
2021-07-01T18:00:00-00:00,2021-07-01T19:00:00-00:00,0,2021-07-01,12,0,ACTUAL,BCHA,Total Actual Hourly Integrated Load,SYS_FCST_ACT_MW,3.8,7511,ACTUAL,8
2021-07-01T13:00:00-00:00,2021-07-01T14:00:00-00:00,0,2021-07-01,7,0,ACTUAL,BCHA,Total Actual Hourly Integrated Load,SYS_FCST_ACT_MW,3.8,6187,ACTUAL,8
2021-07-01T17:00:00-00:00,2021-07-01T18:00:00-00:00,0,2021-07-01,11,0,ACTUAL,BCHA,Total Actual Hourly Integrated Load,SYS_FCST_ACT_MW,3.8,7372,ACTUAL,8
2021-07-01T19:00:00-00:00,2021-07-01T20:00:00-00:00,0,2021-07-01,13,0,ACTUAL,CA ISO-TAC,Total Actual Hourly Integrated Load,SYS_FCST_ACT_MW,3,31553,ACTUAL,9
2021-07-01T22:00:00-00:00,2021-07-01T23:00:00-00:00,0,2021-07-01,16,0,ACTUAL,CA ISO-TAC,Total Actual Hourly Integrated Load,SYS_FCST_ACT_MW,3,36069,ACTUAL,9
2021-07-01T13:00:00-00:00,2021-07-01T14:00:00-00:00,0,2021-07-01,7,0,ACTUAL,CA ISO-TAC,Total Actual Hourly Integrated Load,SYS_FCST_ACT_MW,3,26001,ACTUAL,9
2021-07-01T21:00:00-00:00,2021-07-01T22:00:00-00:00,0,2021-07-01,15,0,ACTUAL,CA ISO-TAC,Total Actual Hourly Integrated Load,SYS_FCST_ACT_MW,3,34415,ACTUAL,9
2021-07-01T14:00:00-00:00,2021-07-01T15:00:00-00:00,0,2021-07-01,8,0,ACTUAL,CA ISO-TAC,Total Actual Hourly Integrated Load,SYS_FCST_ACT_MW,3,27490,ACTUAL,9
2021-07-01T11:00:00-00:00,2021-07-01T12:00:00-00:00,0,2021-07-01,5,0,ACTUAL,CA ISO-TAC,Total Actual Hourly Integrated Load,SYS_FCST_ACT_MW,3,24361,ACTUAL,9
2021-07-01T16:00:00-00:00,2021-07-01T17:00:00-00:00,0,2021-07-01,10,0,ACTUAL,CA ISO-TAC,Total Actual Hourly Integrated Load,SYS_FCST_ACT_MW,3,28571,ACTUAL,9
2021-07-01T17:00:00-00:00,2021-07-01T18:00:00-00:00,0,2021-07-01,11,0,ACTUAL,CA ISO-TAC,Total Actual Hourly Integrated Load,SYS_FCST_ACT_MW,3,28997,ACTUAL,9
2021-07-01T10:00:00-00:00,2021-07-01T11:00:00-00:00,0,2021-07-01,4,0,ACTUAL,CA ISO-TAC,Total Actual Hourly Integrated Load,SYS_FCST_ACT_MW,3,24215,ACTUAL,9
2021-07-01T09:00:00-00:00,2021-07-01T10:00:00-00:00,0,2021-07-01,3,0,ACTUAL,CA ISO-TAC,Total Actual Hourly Integrated Load,SYS_FCST_ACT_MW,3,24611,ACTUAL,9
2021-07-01T18:00:00-00:00,2021-07-01T19:00:00-00:00,0,2021-07-01,12,0,ACTUAL,CA ISO-TAC,Total Actual Hourly Integrated Load,SYS_FCST_ACT_MW,3,30270,ACTUAL,9
2021-07-01T20:00:00-00:00,2021-07-01T21:00:00-00:00,0,2021-07-01,14,0,ACTUAL,CA ISO-TAC,Total Actual Hourly Integrated Load,SYS_FCST_ACT_MW,3,32694,ACTUAL,9
2021-07-02T02:00:00-00:00,2021-07-02T03:00:00-00:00,0,2021-07-01,20,0,ACTUAL,CA ISO-TAC,Total Actual Hourly Integrated Load,SYS_FCST_ACT_MW,3,37033,ACTUAL,9
2021-07-01T15:00:00-00:00,2021-07-01T16:00:00-00:00,0,2021-07-01,9,0,ACTUAL,CA ISO-TAC,Total Actual Hourly Integrated Load,SYS_FCST_ACT_MW,3,28280,ACTUAL,9
2021-07-02T01:00:00-00:00,2021-07-02T02:00:00-00:00,0,2021-07-01,19,0,ACTUAL,CA ISO-TAC,Total Actual Hourly Integrated Load,SYS_FCST_ACT_MW,3,38116,ACTUAL,9
2021-07-02T04:00:00-00:00,2021-07-02T05:00:00-00:00,0,2021-07-01,22,0,ACTUAL,CA ISO-TAC,Total Actual Hourly Integrated Load,SYS_FCST_ACT_MW,3,34228,ACTUAL,9
2021-07-01T08:00:00-00:00,2021-07-01T09:00:00-00:00,0,2021-07-01,2,0,ACTUAL,CA ISO-TAC,Total Actual Hourly Integrated Load,SYS_FCST_ACT_MW,3,25456,ACTUAL,9
2021-07-01T12:00:00-00:00,2021-07-01T13:00:00-00:00,0,2021-07-01,6,0,ACTUAL,CA ISO-TAC,Total Actual Hourly Integrated Load,SYS_FCST_ACT_MW,3,24957,ACTUAL,9
2021-07-02T00:00:00-00:00,2021-07-02T01:00:00-00:00,0,2021-07-01,18,0,ACTUAL,CA ISO-TAC,Total Actual Hourly Integrated Load,SYS_FCST_ACT_MW,3,38199,ACTUAL,9
2021-07-02T03:00:00-00:00,2021-07-02T04:00:00-00:00,0,2021-07-01,21,0,ACTUAL,CA ISO-TAC,Total Actual Hourly Integrated Load,SYS_FCST_ACT_MW,3,35787,ACTUAL,9
2021-07-01T23:00:00-00:00,2021-07-02T00:00:00-00:00,0,2021-07-01,17,0,ACTUAL,CA ISO-TAC,Total Actual Hourly Integrated Load,SYS_FCST_ACT_MW,3,37375,ACTUAL,9
2021-07-01T07:00:00-00:00,2021-07-01T08:00:00-00:00,0,2021-07-01,1,0,ACTUAL,CA ISO-TAC,Total Actual Hourly Integrated Load,SYS_FCST_ACT_MW,3,26867,ACTUAL,9
2021-07-02T06:00:00-00:00,2021-07-02T07:00:00-00:00,0,2021-07-01,24,0,ACTUAL,CA ISO-TAC,Total Actual Hourly Integrated Load,SYS_FCST_ACT_MW,3,29143,ACTUAL,9
2021-07-02T05:00:00-00:00,2021-07-02T06:00:00-00:00,0,2021-07-01,23,0,ACTUAL,CA ISO-TAC,Total Actual Hourly Integrated Load,SYS_FCST_ACT_MW,3,31601,ACTUAL,9
2021-07-01T09:00:00-00:00,2021-07-01T10:00:00-00:00,0,2021-07-01,3,0,ACTUAL,IPCO,Total Actual Hourly Integrated Load,SYS_FCST_ACT_MW,3.8,2730,ACTUAL,10
2021-07-02T05:00:00-00:00,2021-07-02T06:00:00-00:00,0,2021-07-01,23,0,ACTUAL,IPCO,Total Actual Hourly Integrated Load,SYS_FCST_ACT_MW,3.8,3172,ACTUAL,10
2021-07-01T19:00:00-00:00,2021-07-01T20:00:00-00:00,0,2021-07-01,13,0,ACTUAL,IPCO,Total Actual Hourly Integrated Load,SYS_FCST_ACT_MW,3.8,3864,ACTUAL,10
2021-07-02T03:00:00-00:00,2021-07-02T04:00:00-00:00,0,2021-07-01,21,0,ACTUAL,IPCO,Total Actual Hourly Integrated Load,SYS_FCST_ACT_MW,3.8,3579,ACTUAL,10
2021-07-01T20:00:00-00:00,2021-07-01T21:00:00-00:00,0,2021-07-01,14,0,ACTUAL,IPCO,Total Actual Hourly Integrated Load,SYS_FCST_ACT_MW,3.8,3967,ACTUAL,10
2021-07-01T08:00:00-00:00,2021-07-01T09:00:00-00:00,0,2021-07-01,2,0,ACTUAL,IPCO,Total Actual Hourly Integrated Load,SYS_FCST_ACT_MW,3.8,2834,ACTUAL,10
2021-07-01T22:00:00-00:00,2021-07-01T23:00:00-00:00,0,2021-07-01,16,0,ACTUAL,IPCO,Total Actual Hourly Integrated Load,SYS_FCST_ACT_MW,3.8,4028,ACTUAL,10
2021-07-01T23:00:00-00:00,2021-07-02T00:00:00-00:00,0,2021-07-01,17,0,ACTUAL,IPCO,Total Actual Hourly Integrated Load,SYS_FCST_ACT_MW,3.8,3999,ACTUAL,10
2021-07-02T00:00:00-00:00,2021-07-02T01:00:00-00:00,0,2021-07-01,18,0,ACTUAL,IPCO,Total Actual Hourly Integrated Load,SYS_FCST_ACT_MW,3.8,3910,ACTUAL,10
2021-07-01T11:00:00-00:00,2021-07-01T12:00:00-00:00,0,2021-07-01,5,0,ACTUAL,IPCO,Total Actual Hourly Integrated Load,SYS_FCST_ACT_MW,3.8,2664,ACTUAL,10
2021-07-01T13:00:00-00:00,2021-07-01T14:00:00-00:00,0,2021-07-01,7,0,ACTUAL,IPCO,Total Actual Hourly Integrated Load,SYS_FCST_ACT_MW,3.8,2913,ACTUAL,10
2021-07-01T18:00:00-00:00,2021-07-01T19:00:00-00:00,0,2021-07-01,12,0,ACTUAL,IPCO,Total Actual Hourly Integrated Load,SYS_FCST_ACT_MW,3.8,3737,ACTUAL,10
2021-07-01T15:00:00-00:00,2021-07-01T16:00:00-00:00,0,2021-07-01,9,0,ACTUAL,IPCO,Total Actual Hourly Integrated Load,SYS_FCST_ACT_MW,3.8,3241,ACTUAL,10
2021-07-01T21:00:00-00:00,2021-07-01T22:00:00-00:00,0,2021-07-01,15,0,ACTUAL,IPCO,Total Actual Hourly Integrated Load,SYS_FCST_ACT_MW,3.8,4019,ACTUAL,10
2021-07-02T06:00:00-00:00,2021-07-02T07:00:00-00:00,0,2021-07-01,24,0,ACTUAL,IPCO,Total Actual Hourly Integrated Load,SYS_FCST_ACT_MW,3.8,2983,ACTUAL,10
2021-07-01T07:00:00-00:00,2021-07-01T08:00:00-00:00,0,2021-07-01,1,0,ACTUAL,IPCO,Total Actual Hourly Integrated Load,SYS_FCST_ACT_MW,3.8,2962,ACTUAL,10
2021-07-01T10:00:00-00:00,2021-07-01T11:00:00-00:00,0,2021-07-01,4,0,ACTUAL,IPCO,Total Actual Hourly Integrated Load,SYS_FCST_ACT_MW,3.8,2662,ACTUAL,10
2021-07-01T14:00:00-00:00,2021-07-01T15:00:00-00:00,0,2021-07-01,8,0,ACTUAL,IPCO,Total Actual Hourly Integrated Load,SYS_FCST_ACT_MW,3.8,3080,ACTUAL,10
2021-07-02T02:00:00-00:00,2021-07-02T03:00:00-00:00,0,2021-07-01,20,0,ACTUAL,IPCO,Total Actual Hourly Integrated Load,SYS_FCST_ACT_MW,3.8,3710,ACTUAL,10
2021-07-02T04:00:00-00:00,2021-07-02T05:00:00-00:00,0,2021-07-01,22,0,ACTUAL,IPCO,Total Actual Hourly Integrated Load,SYS_FCST_ACT_MW,3.8,3394,ACTUAL,10
2021-07-01T12:00:00-00:00,2021-07-01T13:00:00-00:00,0,2021-07-01,6,0,ACTUAL,IPCO,Total Actual Hourly Integrated Load,SYS_FCST_ACT_MW,3.8,2748,ACTUAL,10
2021-07-01T17:00:00-00:00,2021-07-01T18:00:00-00:00,0,2021-07-01,11,0,ACTUAL,IPCO,Total Actual Hourly Integrated Load,SYS_FCST_ACT_MW,3.8,3580,ACTUAL,10
2021-07-02T01:00:00-00:00,2021-07-02T02:00:00-00:00,0,2021-07-01,19,0,ACTUAL,IPCO,Total Actual Hourly Integrated Load,SYS_FCST_ACT_MW,3.8,3816,ACTUAL,10
2021-07-01T16:00:00-00:00,2021-07-01T17:00:00-00:00,0,2021-07-01,10,0,ACTUAL,IPCO,Total Actual Hourly Integrated Load,SYS_FCST_ACT_MW,3.8,3403,ACTUAL,10
2021-07-01T21:00:00-00:00,2021-07-01T22:00:00-00:00,0,2021-07-01,15,0,ACTUAL,LADWP,Total Actual Hourly Integrated Load,SYS_FCST_ACT_MW,3.8,4069,ACTUAL,11
2021-07-02T06:00:00-00:00,2021-07-02T07:00:00-00:00,0,2021-07-01,24,0,ACTUAL,LADWP,Total Actual Hourly Integrated Load,SYS_FCST_ACT_MW,3.8,2835,ACTUAL,11
2021-07-01T10:00:00-00:00,2021-07-01T11:00:00-00:00,0,2021-07-01,4,0,ACTUAL,LADWP,Total Actual Hourly Integrated Load,SYS_FCST_ACT_MW,3.8,2260,ACTUAL,11
2021-07-01T13:00:00-00:00,2021-07-01T14:00:00-00:00,0,2021-07-01,7,0,ACTUAL,LADWP,Total Actual Hourly Integrated Load,SYS_FCST_ACT_MW,3.8,2461,ACTUAL,11
2021-07-01T17:00:00-00:00,2021-07-01T18:00:00-00:00,0,2021-07-01,11,0,ACTUAL,LADWP,Total Actual Hourly Integrated Load,SYS_FCST_ACT_MW,3.8,3156,ACTUAL,11
2021-07-01T23:00:00-00:00,2021-07-02T00:00:00-00:00,0,2021-07-01,17,0,ACTUAL,LADWP,Total Actual Hourly Integrated Load,SYS_FCST_ACT_MW,3.8,4270,ACTUAL,11
2021-07-02T00:00:00-00:00,2021-07-02T01:00:00-00:00,0,2021-07-01,18,0,ACTUAL,LADWP,Total Actual Hourly Integrated Load,SYS_FCST_ACT_MW,3.8,4192,ACTUAL,11
2021-07-02T01:00:00-00:00,2021-07-02T02:00:00-00:00,0,2021-07-01,19,0,ACTUAL,LADWP,Total Actual Hourly Integrated Load,SYS_FCST_ACT_MW,3.8,3992,ACTUAL,11
2021-07-02T03:00:00-00:00,2021-07-02T04:00:00-00:00,0,2021-07-01,21,0,ACTUAL,LADWP,Total Actual Hourly Integrated Load,SYS_FCST_ACT_MW,3.8,3566,ACTUAL,11
2021-07-02T05:00:00-00:00,2021-07-02T06:00:00-00:00,0,2021-07-01,23,0,ACTUAL,LADWP,Total Actual Hourly Integrated Load,SYS_FCST_ACT_MW,3.8,3112,ACTUAL,11
2021-07-01T08:00:00-00:00,2021-07-01T09:00:00-00:00,0,2021-07-01,2,0,ACTUAL,LADWP,Total Actual Hourly Integrated Load,SYS_FCST_ACT_MW,3.8,2410,ACTUAL,11
2021-07-01T12:00:00-00:00,2021-07-01T13:00:00-00:00,0,2021-07-01,6,0,ACTUAL,LADWP,Total Actual Hourly Integrated Load,SYS_FCST_ACT_MW,3.8,2350,ACTUAL,11
2021-07-01T22:00:00-00:00,2021-07-01T23:00:00-00:00,0,2021-07-01,16,0,ACTUAL,LADWP,Total Actual Hourly Integrated Load,SYS_FCST_ACT_MW,3.8,4219,ACTUAL,11
2021-07-01T14:00:00-00:00,2021-07-01T15:00:00-00:00,0,2021-07-01,8,0,ACTUAL,LADWP,Total Actual Hourly Integrated Load,SYS_FCST_ACT_MW,3.8,2611,ACTUAL,11
2021-07-01T16:00:00-00:00,2021-07-01T17:00:00-00:00,0,2021-07-01,10,0,ACTUAL,LADWP,Total Actual Hourly Integrated Load,SYS_FCST_ACT_MW,3.8,2960,ACTUAL,11
2021-07-01T19:00:00-00:00,2021-07-01T20:00:00-00:00,0,2021-07-01,13,0,ACTUAL,LADWP,Total Actual Hourly Integrated Load,SYS_FCST_ACT_MW,3.8,3614,ACTUAL,11
2021-07-02T02:00:00-00:00,2021-07-02T03:00:00-00:00,0,2021-07-01,20,0,ACTUAL,LADWP,Total Actual Hourly Integrated Load,SYS_FCST_ACT_MW,3.8,3755,ACTUAL,11
2021-07-01T09:00:00-00:00,2021-07-01T10:00:00-00:00,0,2021-07-01,3,0,ACTUAL,LADWP,Total Actual Hourly Integrated Load,SYS_FCST_ACT_MW,3.8,2312,ACTUAL,11
2021-07-01T18:00:00-00:00,2021-07-01T19:00:00-00:00,0,2021-07-01,12,0,ACTUAL,LADWP,Total Actual Hourly Integrated Load,SYS_FCST_ACT_MW,3.8,3374,ACTUAL,11
2021-07-01T07:00:00-00:00,2021-07-01T08:00:00-00:00,0,2021-07-01,1,0,ACTUAL,LADWP,Total Actual Hourly Integrated Load,SYS_FCST_ACT_MW,3.8,2566,ACTUAL,11
2021-07-01T11:00:00-00:00,2021-07-01T12:00:00-00:00,0,2021-07-01,5,0,ACTUAL,LADWP,Total Actual Hourly Integrated Load,SYS_FCST_ACT_MW,3.8,2277,ACTUAL,11
2021-07-01T15:00:00-00:00,2021-07-01T16:00:00-00:00,0,2021-07-01,9,0,ACTUAL,LADWP,Total Actual Hourly Integrated Load,SYS_FCST_ACT_MW,3.8,2783,ACTUAL,11
2021-07-01T20:00:00-00:00,2021-07-01T21:00:00-00:00,0,2021-07-01,14,0,ACTUAL,LADWP,Total Actual Hourly Integrated Load,SYS_FCST_ACT_MW,3.8,3858,ACTUAL,11
2021-07-02T04:00:00-00:00,2021-07-02T05:00:00-00:00,0,2021-07-01,22,0,ACTUAL,LADWP,Total Actual Hourly Integrated Load,SYS_FCST_ACT_MW,3.8,3371,ACTUAL,11
2021-07-01T08:00:00-00:00,2021-07-01T09:00:00-00:00,0,2021-07-01,2,0,ACTUAL,MWD-TAC,Total Actual Hourly Integrated Load,SYS_FCST_ACT_MW,3.3,220,ACTUAL,12
2021-07-01T19:00:00-00:00,2021-07-01T20:00:00-00:00,0,2021-07-01,13,0,ACTUAL,MWD-TAC,Total Actual Hourly Integrated Load,SYS_FCST_ACT_MW,3.3,221,ACTUAL,12
2021-07-02T01:00:00-00:00,2021-07-02T02:00:00-00:00,0,2021-07-01,19,0,ACTUAL,MWD-TAC,Total Actual Hourly Integrated Load,SYS_FCST_ACT_MW,3.3,223,ACTUAL,12
2021-07-01T12:00:00-00:00,2021-07-01T13:00:00-00:00,0,2021-07-01,6,0,ACTUAL,MWD-TAC,Total Actual Hourly Integrated Load,SYS_FCST_ACT_MW,3.3,223,ACTUAL,12
2021-07-02T05:00:00-00:00,2021-07-02T06:00:00-00:00,0,2021-07-01,23,0,ACTUAL,MWD-TAC,Total Actual Hourly Integrated Load,SYS_FCST_ACT_MW,3.3,223,ACTUAL,12
2021-07-01T07:00:00-00:00,2021-07-01T08:00:00-00:00,0,2021-07-01,1,0,ACTUAL,MWD-TAC,Total Actual Hourly Integrated Load,SYS_FCST_ACT_MW,3.3,222,ACTUAL,12
2021-07-01T13:00:00-00:00,2021-07-01T14:00:00-00:00,0,2021-07-01,7,0,ACTUAL,MWD-TAC,Total Actual Hourly Integrated Load,SYS_FCST_ACT_MW,3.3,222,ACTUAL,12
2021-07-01T17:00:00-00:00,2021-07-01T18:00:00-00:00,0,2021-07-01,11,0,ACTUAL,MWD-TAC,Total Actual Hourly Integrated Load,SYS_FCST_ACT_MW,3.3,222,ACTUAL,12
2021-07-01T22:00:00-00:00,2021-07-01T23:00:00-00:00,0,2021-07-01,16,0,ACTUAL,MWD-TAC,Total Actual Hourly Integrated Load,SYS_FCST_ACT_MW,3.3,221,ACTUAL,12
2021-07-01T11:00:00-00:00,2021-07-01T12:00:00-00:00,0,2021-07-01,5,0,ACTUAL,MWD-TAC,Total Actual Hourly Integrated Load,SYS_FCST_ACT_MW,3.3,222,ACTUAL,12
2021-07-01T10:00:00-00:00,2021-07-01T11:00:00-00:00,0,2021-07-01,4,0,ACTUAL,MWD-TAC,Total Actual Hourly Integrated Load,SYS_FCST_ACT_MW,3.3,221,ACTUAL,12
2021-07-01T15:00:00-00:00,2021-07-01T16:00:00-00:00,0,2021-07-01,9,0,ACTUAL,MWD-TAC,Total Actual Hourly Integrated Load,SYS_FCST_ACT_MW,3.3,221,ACTUAL,12
2021-07-01T18:00:00-00:00,2021-07-01T19:00:00-00:00,0,2021-07-01,12,0,ACTUAL,MWD-TAC,Total Actual Hourly Integrated Load,SYS_FCST_ACT_MW,3.3,221,ACTUAL,12
2021-07-01T23:00:00-00:00,2021-07-02T00:00:00-00:00,0,2021-07-01,17,0,ACTUAL,MWD-TAC,Total Actual Hourly Integrated Load,SYS_FCST_ACT_MW,3.3,223,ACTUAL,12
2021-07-02T00:00:00-00:00,2021-07-02T01:00:00-00:00,0,2021-07-01,18,0,ACTUAL,MWD-TAC,Total Actual Hourly Integrated Load,SYS_FCST_ACT_MW,3.3,222,ACTUAL,12
2021-07-02T06:00:00-00:00,2021-07-02T07:00:00-00:00,0,2021-07-01,24,0,ACTUAL,MWD-TAC,Total Actual Hourly Integrated Load,SYS_FCST_ACT_MW,3.3,223,ACTUAL,12
2021-07-01T20:00:00-00:00,2021-07-01T21:00:00-00:00,0,2021-07-01,14,0,ACTUAL,MWD-TAC,Total Actual Hourly Integrated Load,SYS_FCST_ACT_MW,3.3,220,ACTUAL,12
2021-07-02T04:00:00-00:00,2021-07-02T05:00:00-00:00,0,2021-07-01,22,0,ACTUAL,MWD-TAC,Total Actual Hourly Integrated Load,SYS_FCST_ACT_MW,3.3,223,ACTUAL,12
2021-07-01T09:00:00-00:00,2021-07-01T10:00:00-00:00,0,2021-07-01,3,0,ACTUAL,MWD-TAC,Total Actual Hourly Integrated Load,SYS_FCST_ACT_MW,3.3,220,ACTUAL,12
2021-07-01T14:00:00-00:00,2021-07-01T15:00:00-00:00,0,2021-07-01,8,0,ACTUAL,MWD-TAC,Total Actual Hourly Integrated Load,SYS_FCST_ACT_MW,3.3,223,ACTUAL,12
2021-07-01T16:00:00-00:00,2021-07-01T17:00:00-00:00,0,2021-07-01,10,0,ACTUAL,MWD-TAC,Total Actual Hourly Integrated Load,SYS_FCST_ACT_MW,3.3,221,ACTUAL,12
2021-07-01T21:00:00-00:00,2021-07-01T22:00:00-00:00,0,2021-07-01,15,0,ACTUAL,MWD-TAC,Total Actual Hourly Integrated Load,SYS_FCST_ACT_MW,3.3,221,ACTUAL,12
2021-07-02T02:00:00-00:00,2021-07-02T03:00:00-00:00,0,2021-07-01,20,0,ACTUAL,MWD-TAC,Total Actual Hourly Integrated Load,SYS_FCST_ACT_MW,3.3,224,ACTUAL,12
2021-07-02T03:00:00-00:00,2021-07-02T04:00:00-00:00,0,2021-07-01,21,0,ACTUAL,MWD-TAC,Total Actual Hourly Integrated Load,SYS_FCST_ACT_MW,3.3,224,ACTUAL,12
2021-07-02T02:00:00-00:00,2021-07-02T03:00:00-00:00,0,2021-07-01,20,0,ACTUAL,NEVP,Total Actual Hourly Integrated Load,SYS_FCST_ACT_MW,3.8,7261,ACTUAL,13
2021-07-02T03:00:00-00:00,2021-07-02T04:00:00-00:00,0,2021-07-01,21,0,ACTUAL,NEVP,Total Actual Hourly Integrated Load,SYS_FCST_ACT_MW,3.8,6889,ACTUAL,13
2021-07-01T08:00:00-00:00,2021-07-01T09:00:00-00:00,0,2021-07-01,2,0,ACTUAL,NEVP,Total Actual Hourly Integrated Load,SYS_FCST_ACT_MW,3.8,4617,ACTUAL,13
2021-07-01T07:00:00-00:00,2021-07-01T08:00:00-00:00,0,2021-07-01,1,0,ACTUAL,NEVP,Total Actual Hourly Integrated Load,SYS_FCST_ACT_MW,3.8,4873,ACTUAL,13
2021-07-01T21:00:00-00:00,2021-07-01T22:00:00-00:00,0,2021-07-01,15,0,ACTUAL,NEVP,Total Actual Hourly Integrated Load,SYS_FCST_ACT_MW,3.8,7524,ACTUAL,13
2021-07-01T14:00:00-00:00,2021-07-01T15:00:00-00:00,0,2021-07-01,8,0,ACTUAL,NEVP,Total Actual Hourly Integrated Load,SYS_FCST_ACT_MW,3.8,4726,ACTUAL,13
2021-07-01T11:00:00-00:00,2021-07-01T12:00:00-00:00,0,2021-07-01,5,0,ACTUAL,NEVP,Total Actual Hourly Integrated Load,SYS_FCST_ACT_MW,3.8,4249,ACTUAL,13
2021-07-01T15:00:00-00:00,2021-07-01T16:00:00-00:00,0,2021-07-01,9,0,ACTUAL,NEVP,Total Actual Hourly Integrated Load,SYS_FCST_ACT_MW,3.8,5119,ACTUAL,13
2021-07-01T10:00:00-00:00,2021-07-01T11:00:00-00:00,0,2021-07-01,4,0,ACTUAL,NEVP,Total Actual Hourly Integrated Load,SYS_FCST_ACT_MW,3.8,4300,ACTUAL,13
2021-07-01T23:00:00-00:00,2021-07-02T00:00:00-00:00,0,2021-07-01,17,0,ACTUAL,NEVP,Total Actual Hourly Integrated Load,SYS_FCST_ACT_MW,3.8,7871,ACTUAL,13
2021-07-01T20:00:00-00:00,2021-07-01T21:00:00-00:00,0,2021-07-01,14,0,ACTUAL,NEVP,Total Actual Hourly Integrated Load,SYS_FCST_ACT_MW,3.8,7187,ACTUAL,13
2021-07-02T05:00:00-00:00,2021-07-02T06:00:00-00:00,0,2021-07-01,23,0,ACTUAL,NEVP,Total Actual Hourly Integrated Load,SYS_FCST_ACT_MW,3.8,5967,ACTUAL,13
2021-07-02T01:00:00-00:00,2021-07-02T02:00:00-00:00,0,2021-07-01,19,0,ACTUAL,NEVP,Total Actual Hourly Integrated Load,SYS_FCST_ACT_MW,3.8,7525,ACTUAL,13
2021-07-02T00:00:00-00:00,2021-07-02T01:00:00-00:00,0,2021-07-01,18,0,ACTUAL,NEVP,Total Actual Hourly Integrated Load,SYS_FCST_ACT_MW,3.8,7777,ACTUAL,13
2021-07-01T16:00:00-00:00,2021-07-01T17:00:00-00:00,0,2021-07-01,10,0,ACTUAL,NEVP,Total Actual Hourly Integrated Load,SYS_FCST_ACT_MW,3.8,5524,ACTUAL,13
2021-07-01T13:00:00-00:00,2021-07-01T14:00:00-00:00,0,2021-07-01,7,0,ACTUAL,NEVP,Total Actual Hourly Integrated Load,SYS_FCST_ACT_MW,3.8,4386,ACTUAL,13
2021-07-01T09:00:00-00:00,2021-07-01T10:00:00-00:00,0,2021-07-01,3,0,ACTUAL,NEVP,Total Actual Hourly Integrated Load,SYS_FCST_ACT_MW,3.8,4420,ACTUAL,13
2021-07-01T17:00:00-00:00,2021-07-01T18:00:00-00:00,0,2021-07-01,11,0,ACTUAL,NEVP,Total Actual Hourly Integrated Load,SYS_FCST_ACT_MW,3.8,5943,ACTUAL,13
2021-07-02T04:00:00-00:00,2021-07-02T05:00:00-00:00,0,2021-07-01,22,0,ACTUAL,NEVP,Total Actual Hourly Integrated Load,SYS_FCST_ACT_MW,3.8,6458,ACTUAL,13
2021-07-01T22:00:00-00:00,2021-07-01T23:00:00-00:00,0,2021-07-01,16,0,ACTUAL,NEVP,Total Actual Hourly Integrated Load,SYS_FCST_ACT_MW,3.8,7765,ACTUAL,13
2021-07-01T18:00:00-00:00,2021-07-01T19:00:00-00:00,0,2021-07-01,12,0,ACTUAL,NEVP,Total Actual Hourly Integrated Load,SYS_FCST_ACT_MW,3.8,6386,ACTUAL,13
2021-07-01T12:00:00-00:00,2021-07-01T13:00:00-00:00,0,2021-07-01,6,0,ACTUAL,NEVP,Total Actual Hourly Integrated Load,SYS_FCST_ACT_MW,3.8,4245,ACTUAL,13
2021-07-02T06:00:00-00:00,2021-07-02T07:00:00-00:00,0,2021-07-01,24,0,ACTUAL,NEVP,Total Actual Hourly Integrated Load,SYS_FCST_ACT_MW,3.8,5495,ACTUAL,13
2021-07-01T19:00:00-00:00,2021-07-01T20:00:00-00:00,0,2021-07-01,13,0,ACTUAL,NEVP,Total Actual Hourly Integrated Load,SYS_FCST_ACT_MW,3.8,6806,ACTUAL,13
2021-07-01T21:00:00-00:00,2021-07-01T22:00:00-00:00,0,2021-07-01,15,0,ACTUAL,NWMT,Total Actual Hourly Integrated Load,SYS_FCST_ACT_MW,3.8,1872,ACTUAL,14
2021-07-01T08:00:00-00:00,2021-07-01T09:00:00-00:00,0,2021-07-01,2,0,ACTUAL,NWMT,Total Actual Hourly Integrated Load,SYS_FCST_ACT_MW,3.8,1250,ACTUAL,14
2021-07-01T07:00:00-00:00,2021-07-01T08:00:00-00:00,0,2021-07-01,1,0,ACTUAL,NWMT,Total Actual Hourly Integrated Load,SYS_FCST_ACT_MW,3.8,1295,ACTUAL,14
2021-07-02T04:00:00-00:00,2021-07-02T05:00:00-00:00,0,2021-07-01,22,0,ACTUAL,NWMT,Total Actual Hourly Integrated Load,SYS_FCST_ACT_MW,3.8,1513,ACTUAL,14
2021-07-02T00:00:00-00:00,2021-07-02T01:00:00-00:00,0,2021-07-01,18,0,ACTUAL,NWMT,Total Actual Hourly Integrated Load,SYS_FCST_ACT_MW,3.8,1773,ACTUAL,14
2021-07-01T10:00:00-00:00,2021-07-01T11:00:00-00:00,0,2021-07-01,4,0,ACTUAL,NWMT,Total Actual Hourly Integrated Load,SYS_FCST_ACT_MW,3.8,1202,ACTUAL,14
2021-07-02T06:00:00-00:00,2021-07-02T07:00:00-00:00,0,2021-07-01,24,0,ACTUAL,NWMT,Total Actual Hourly Integrated Load,SYS_FCST_ACT_MW,3.8,1312,ACTUAL,14
2021-07-02T03:00:00-00:00,2021-07-02T04:00:00-00:00,0,2021-07-01,21,0,ACTUAL,NWMT,Total Actual Hourly Integrated Load,SYS_FCST_ACT_MW,3.8,1613,ACTUAL,14
2021-07-01T19:00:00-00:00,2021-07-01T20:00:00-00:00,0,2021-07-01,13,0,ACTUAL,NWMT,Total Actual Hourly Integrated Load,SYS_FCST_ACT_MW,3.8,1798,ACTUAL,14
2021-07-01T18:00:00-00:00,2021-07-01T19:00:00-00:00,0,2021-07-01,12,0,ACTUAL,NWMT,Total Actual Hourly Integrated Load,SYS_FCST_ACT_MW,3.8,1735,ACTUAL,14
2021-07-01T14:00:00-00:00,2021-07-01T15:00:00-00:00,0,2021-07-01,8,0,ACTUAL,NWMT,Total Actual Hourly Integrated Load,SYS_FCST_ACT_MW,3.8,1490,ACTUAL,14
2021-07-01T09:00:00-00:00,2021-07-01T10:00:00-00:00,0,2021-07-01,3,0,ACTUAL,NWMT,Total Actual Hourly Integrated Load,SYS_FCST_ACT_MW,3.8,1220,ACTUAL,14
2021-07-02T01:00:00-00:00,2021-07-02T02:00:00-00:00,0,2021-07-01,19,0,ACTUAL,NWMT,Total Actual Hourly Integrated Load,SYS_FCST_ACT_MW,3.8,1723,ACTUAL,14
2021-07-02T02:00:00-00:00,2021-07-02T03:00:00-00:00,0,2021-07-01,20,0,ACTUAL,NWMT,Total Actual Hourly Integrated Load,SYS_FCST_ACT_MW,3.8,1671,ACTUAL,14
2021-07-01T22:00:00-00:00,2021-07-01T23:00:00-00:00,0,2021-07-01,16,0,ACTUAL,NWMT,Total Actual Hourly Integrated Load,SYS_FCST_ACT_MW,3.8,1874,ACTUAL,14
2021-07-01T20:00:00-00:00,2021-07-01T21:00:00-00:00,0,2021-07-01,14,0,ACTUAL,NWMT,Total Actual Hourly Integrated Load,SYS_FCST_ACT_MW,3.8,1846,ACTUAL,14
2021-07-01T13:00:00-00:00,2021-07-01T14:00:00-00:00,0,2021-07-01,7,0,ACTUAL,NWMT,Total Actual Hourly Integrated Load,SYS_FCST_ACT_MW,3.8,1402,ACTUAL,14
2021-07-01T11:00:00-00:00,2021-07-01T12:00:00-00:00,0,2021-07-01,5,0,ACTUAL,NWMT,Total Actual Hourly Integrated Load,SYS_FCST_ACT_MW,3.8,1229,ACTUAL,14
2021-07-01T23:00:00-00:00,2021-07-02T00:00:00-00:00,0,2021-07-01,17,0,ACTUAL,NWMT,Total Actual Hourly Integrated Load,SYS_FCST_ACT_MW,3.8,1836,ACTUAL,14
2021-07-02T05:00:00-00:00,2021-07-02T06:00:00-00:00,0,2021-07-01,23,0,ACTUAL,NWMT,Total Actual Hourly Integrated Load,SYS_FCST_ACT_MW,3.8,1396,ACTUAL,14
2021-07-01T17:00:00-00:00,2021-07-01T18:00:00-00:00,0,2021-07-01,11,0,ACTUAL,NWMT,Total Actual Hourly Integrated Load,SYS_FCST_ACT_MW,3.8,1678,ACTUAL,14
2021-07-01T16:00:00-00:00,2021-07-01T17:00:00-00:00,0,2021-07-01,10,0,ACTUAL,NWMT,Total Actual Hourly Integrated Load,SYS_FCST_ACT_MW,3.8,1620,ACTUAL,14
2021-07-01T12:00:00-00:00,2021-07-01T13:00:00-00:00,0,2021-07-01,6,0,ACTUAL,NWMT,Total Actual Hourly Integrated Load,SYS_FCST_ACT_MW,3.8,1308,ACTUAL,14
2021-07-01T15:00:00-00:00,2021-07-01T16:00:00-00:00,0,2021-07-01,9,0,ACTUAL,NWMT,Total Actual Hourly Integrated Load,SYS_FCST_ACT_MW,3.8,1559,ACTUAL,14
2021-07-01T11:00:00-00:00,2021-07-01T12:00:00-00:00,0,2021-07-01,5,0,ACTUAL,PACE,Total Actual Hourly Integrated Load,SYS_FCST_ACT_MW,3.8,5318,ACTUAL,15
2021-07-01T15:00:00-00:00,2021-07-01T16:00:00-00:00,0,2021-07-01,9,0,ACTUAL,PACE,Total Actual Hourly Integrated Load,SYS_FCST_ACT_MW,3.8,6473,ACTUAL,15
2021-07-02T03:00:00-00:00,2021-07-02T04:00:00-00:00,0,2021-07-01,21,0,ACTUAL,PACE,Total Actual Hourly Integrated Load,SYS_FCST_ACT_MW,3.8,7369,ACTUAL,15
2021-07-02T06:00:00-00:00,2021-07-02T07:00:00-00:00,0,2021-07-01,24,0,ACTUAL,PACE,Total Actual Hourly Integrated Load,SYS_FCST_ACT_MW,3.8,6052,ACTUAL,15
2021-07-01T09:00:00-00:00,2021-07-01T10:00:00-00:00,0,2021-07-01,3,0,ACTUAL,PACE,Total Actual Hourly Integrated Load,SYS_FCST_ACT_MW,3.8,5196,ACTUAL,15
2021-07-01T10:00:00-00:00,2021-07-01T11:00:00-00:00,0,2021-07-01,4,0,ACTUAL,PACE,Total Actual Hourly Integrated Load,SYS_FCST_ACT_MW,3.8,5209,ACTUAL,15
2021-07-01T12:00:00-00:00,2021-07-01T13:00:00-00:00,0,2021-07-01,6,0,ACTUAL,PACE,Total Actual Hourly Integrated Load,SYS_FCST_ACT_MW,3.8,5511,ACTUAL,15
2021-07-01T19:00:00-00:00,2021-07-01T20:00:00-00:00,0,2021-07-01,13,0,ACTUAL,PACE,Total Actual Hourly Integrated Load,SYS_FCST_ACT_MW,3.8,7550,ACTUAL,15
2021-07-01T14:00:00-00:00,2021-07-01T15:00:00-00:00,0,2021-07-01,8,0,ACTUAL,PACE,Total Actual Hourly Integrated Load,SYS_FCST_ACT_MW,3.8,6160,ACTUAL,15
2021-07-01T17:00:00-00:00,2021-07-01T18:00:00-00:00,0,2021-07-01,11,0,ACTUAL,PACE,Total Actual Hourly Integrated Load,SYS_FCST_ACT_MW,3.8,7015,ACTUAL,15
2021-07-01T20:00:00-00:00,2021-07-01T21:00:00-00:00,0,2021-07-01,14,0,ACTUAL,PACE,Total Actual Hourly Integrated Load,SYS_FCST_ACT_MW,3.8,7788,ACTUAL,15
2021-07-01T21:00:00-00:00,2021-07-01T22:00:00-00:00,0,2021-07-01,15,0,ACTUAL,PACE,Total Actual Hourly Integrated Load,SYS_FCST_ACT_MW,3.8,7999,ACTUAL,15
2021-07-02T05:00:00-00:00,2021-07-02T06:00:00-00:00,0,2021-07-01,23,0,ACTUAL,PACE,Total Actual Hourly Integrated Load,SYS_FCST_ACT_MW,3.8,6462,ACTUAL,15
2021-07-01T23:00:00-00:00,2021-07-02T00:00:00-00:00,0,2021-07-01,17,0,ACTUAL,PACE,Total Actual Hourly Integrated Load,SYS_FCST_ACT_MW,3.8,8193,ACTUAL,15
2021-07-02T01:00:00-00:00,2021-07-02T02:00:00-00:00,0,2021-07-01,19,0,ACTUAL,PACE,Total Actual Hourly Integrated Load,SYS_FCST_ACT_MW,3.8,7897,ACTUAL,15
2021-07-01T18:00:00-00:00,2021-07-01T19:00:00-00:00,0,2021-07-01,12,0,ACTUAL,PACE,Total Actual Hourly Integrated Load,SYS_FCST_ACT_MW,3.8,7269,ACTUAL,15
2021-07-01T07:00:00-00:00,2021-07-01T08:00:00-00:00,0,2021-07-01,1,0,ACTUAL,PACE,Total Actual Hourly Integrated Load,SYS_FCST_ACT_MW,3.8,5485,ACTUAL,15
2021-07-01T13:00:00-00:00,2021-07-01T14:00:00-00:00,0,2021-07-01,7,0,ACTUAL,PACE,Total Actual Hourly Integrated Load,SYS_FCST_ACT_MW,3.8,5819,ACTUAL,15
2021-07-01T16:00:00-00:00,2021-07-01T17:00:00-00:00,0,2021-07-01,10,0,ACTUAL,PACE,Total Actual Hourly Integrated Load,SYS_FCST_ACT_MW,3.8,6768,ACTUAL,15
2021-07-02T00:00:00-00:00,2021-07-02T01:00:00-00:00,0,2021-07-01,18,0,ACTUAL,PACE,Total Actual Hourly Integrated Load,SYS_FCST_ACT_MW,3.8,8111,ACTUAL,15
2021-07-02T02:00:00-00:00,2021-07-02T03:00:00-00:00,0,2021-07-01,20,0,ACTUAL,PACE,Total Actual Hourly Integrated Load,SYS_FCST_ACT_MW,3.8,7641,ACTUAL,15
2021-07-01T22:00:00-00:00,2021-07-01T23:00:00-00:00,0,2021-07-01,16,0,ACTUAL,PACE,Total Actual Hourly Integrated Load,SYS_FCST_ACT_MW,3.8,8169,ACTUAL,15
2021-07-02T04:00:00-00:00,2021-07-02T05:00:00-00:00,0,2021-07-01,22,0,ACTUAL,PACE,Total Actual Hourly Integrated Load,SYS_FCST_ACT_MW,3.8,6946,ACTUAL,15
2021-07-01T08:00:00-00:00,2021-07-01T09:00:00-00:00,0,2021-07-01,2,0,ACTUAL,PACE,Total Actual Hourly Integrated Load,SYS_FCST_ACT_MW,3.8,5289,ACTUAL,15
2021-07-01T16:00:00-00:00,2021-07-01T17:00:00-00:00,0,2021-07-01,10,0,ACTUAL,PACW,Total Actual Hourly Integrated Load,SYS_FCST_ACT_MW,3.8,2851,ACTUAL,16
2021-07-01T19:00:00-00:00,2021-07-01T20:00:00-00:00,0,2021-07-01,13,0,ACTUAL,PACW,Total Actual Hourly Integrated Load,SYS_FCST_ACT_MW,3.8,3187,ACTUAL,16
2021-07-02T06:00:00-00:00,2021-07-02T07:00:00-00:00,0,2021-07-01,24,0,ACTUAL,PACW,Total Actual Hourly Integrated Load,SYS_FCST_ACT_MW,3.8,2508,ACTUAL,16
2021-07-01T08:00:00-00:00,2021-07-01T09:00:00-00:00,0,2021-07-01,2,0,ACTUAL,PACW,Total Actual Hourly Integrated Load,SYS_FCST_ACT_MW,3.8,2337,ACTUAL,16
2021-07-01T11:00:00-00:00,2021-07-01T12:00:00-00:00,0,2021-07-01,5,0,ACTUAL,PACW,Total Actual Hourly Integrated Load,SYS_FCST_ACT_MW,3.8,2238,ACTUAL,16
2021-07-01T14:00:00-00:00,2021-07-01T15:00:00-00:00,0,2021-07-01,8,0,ACTUAL,PACW,Total Actual Hourly Integrated Load,SYS_FCST_ACT_MW,3.8,2640,ACTUAL,16
2021-07-02T05:00:00-00:00,2021-07-02T06:00:00-00:00,0,2021-07-01,23,0,ACTUAL,PACW,Total Actual Hourly Integrated Load,SYS_FCST_ACT_MW,3.8,2756,ACTUAL,16
2021-07-01T12:00:00-00:00,2021-07-01T13:00:00-00:00,0,2021-07-01,6,0,ACTUAL,PACW,Total Actual Hourly Integrated Load,SYS_FCST_ACT_MW,3.8,2339,ACTUAL,16
2021-07-01T13:00:00-00:00,2021-07-01T14:00:00-00:00,0,2021-07-01,7,0,ACTUAL,PACW,Total Actual Hourly Integrated Load,SYS_FCST_ACT_MW,3.8,2494,ACTUAL,16
2021-07-02T01:00:00-00:00,2021-07-02T02:00:00-00:00,0,2021-07-01,19,0,ACTUAL,PACW,Total Actual Hourly Integrated Load,SYS_FCST_ACT_MW,3.8,3417,ACTUAL,16
2021-07-02T04:00:00-00:00,2021-07-02T05:00:00-00:00,0,2021-07-01,22,0,ACTUAL,PACW,Total Actual Hourly Integrated Load,SYS_FCST_ACT_MW,3.8,2988,ACTUAL,16
2021-07-01T09:00:00-00:00,2021-07-01T10:00:00-00:00,0,2021-07-01,3,0,ACTUAL,PACW,Total Actual Hourly Integrated Load,SYS_FCST_ACT_MW,3.8,2246,ACTUAL,16
2021-07-01T10:00:00-00:00,2021-07-01T11:00:00-00:00,0,2021-07-01,4,0,ACTUAL,PACW,Total Actual Hourly Integrated Load,SYS_FCST_ACT_MW,3.8,2209,ACTUAL,16
2021-07-01T17:00:00-00:00,2021-07-01T18:00:00-00:00,0,2021-07-01,11,0,ACTUAL,PACW,Total Actual Hourly Integrated Load,SYS_FCST_ACT_MW,3.8,2957,ACTUAL,16
2021-07-02T02:00:00-00:00,2021-07-02T03:00:00-00:00,0,2021-07-01,20,0,ACTUAL,PACW,Total Actual Hourly Integrated Load,SYS_FCST_ACT_MW,3.8,3305,ACTUAL,16
2021-07-01T18:00:00-00:00,2021-07-01T19:00:00-00:00,0,2021-07-01,12,0,ACTUAL,PACW,Total Actual Hourly Integrated Load,SYS_FCST_ACT_MW,3.8,3063,ACTUAL,16
2021-07-01T21:00:00-00:00,2021-07-01T22:00:00-00:00,0,2021-07-01,15,0,ACTUAL,PACW,Total Actual Hourly Integrated Load,SYS_FCST_ACT_MW,3.8,3369,ACTUAL,16
2021-07-01T15:00:00-00:00,2021-07-01T16:00:00-00:00,0,2021-07-01,9,0,ACTUAL,PACW,Total Actual Hourly Integrated Load,SYS_FCST_ACT_MW,3.8,2748,ACTUAL,16
2021-07-01T22:00:00-00:00,2021-07-01T23:00:00-00:00,0,2021-07-01,16,0,ACTUAL,PACW,Total Actual Hourly Integrated Load,SYS_FCST_ACT_MW,3.8,3428,ACTUAL,16
2021-07-01T23:00:00-00:00,2021-07-02T00:00:00-00:00,0,2021-07-01,17,0,ACTUAL,PACW,Total Actual Hourly Integrated Load,SYS_FCST_ACT_MW,3.8,3471,ACTUAL,16
2021-07-02T03:00:00-00:00,2021-07-02T04:00:00-00:00,0,2021-07-01,21,0,ACTUAL,PACW,Total Actual Hourly Integrated Load,SYS_FCST_ACT_MW,3.8,3150,ACTUAL,16
2021-07-01T07:00:00-00:00,2021-07-01T08:00:00-00:00,0,2021-07-01,1,0,ACTUAL,PACW,Total Actual Hourly Integrated Load,SYS_FCST_ACT_MW,3.8,2468,ACTUAL,16
2021-07-01T20:00:00-00:00,2021-07-01T21:00:00-00:00,0,2021-07-01,14,0,ACTUAL,PACW,Total Actual Hourly Integrated Load,SYS_FCST_ACT_MW,3.8,3291,ACTUAL,16
2021-07-02T00:00:00-00:00,2021-07-02T01:00:00-00:00,0,2021-07-01,18,0,ACTUAL,PACW,Total Actual Hourly Integrated Load,SYS_FCST_ACT_MW,3.8,3470,ACTUAL,16
2021-07-01T08:00:00-00:00,2021-07-01T09:00:00-00:00,0,2021-07-01,2,0,ACTUAL,PGE,Total Actual Hourly Integrated Load,SYS_FCST_ACT_MW,3.8,2062,ACTUAL,17
2021-07-01T14:00:00-00:00,2021-07-01T15:00:00-00:00,0,2021-07-01,8,0,ACTUAL,PGE,Total Actual Hourly Integrated Load,SYS_FCST_ACT_MW,3.8,2449,ACTUAL,17
2021-07-01T10:00:00-00:00,2021-07-01T11:00:00-00:00,0,2021-07-01,4,0,ACTUAL,PGE,Total Actual Hourly Integrated Load,SYS_FCST_ACT_MW,3.8,1997,ACTUAL,17
2021-07-02T03:00:00-00:00,2021-07-02T04:00:00-00:00,0,2021-07-01,21,0,ACTUAL,PGE,Total Actual Hourly Integrated Load,SYS_FCST_ACT_MW,3.8,2612,ACTUAL,17
2021-07-02T00:00:00-00:00,2021-07-02T01:00:00-00:00,0,2021-07-01,18,0,ACTUAL,PGE,Total Actual Hourly Integrated Load,SYS_FCST_ACT_MW,3.8,2730,ACTUAL,17
2021-07-01T21:00:00-00:00,2021-07-01T22:00:00-00:00,0,2021-07-01,15,0,ACTUAL,PGE,Total Actual Hourly Integrated Load,SYS_FCST_ACT_MW,3.8,2643,ACTUAL,17
2021-07-02T05:00:00-00:00,2021-07-02T06:00:00-00:00,0,2021-07-01,23,0,ACTUAL,PGE,Total Actual Hourly Integrated Load,SYS_FCST_ACT_MW,3.8,2389,ACTUAL,17
2021-07-02T02:00:00-00:00,2021-07-02T03:00:00-00:00,0,2021-07-01,20,0,ACTUAL,PGE,Total Actual Hourly Integrated Load,SYS_FCST_ACT_MW,3.8,2648,ACTUAL,17
2021-07-01T23:00:00-00:00,2021-07-02T00:00:00-00:00,0,2021-07-01,17,0,ACTUAL,PGE,Total Actual Hourly Integrated Load,SYS_FCST_ACT_MW,3.8,2716,ACTUAL,17
2021-07-01T18:00:00-00:00,2021-07-01T19:00:00-00:00,0,2021-07-01,12,0,ACTUAL,PGE,Total Actual Hourly Integrated Load,SYS_FCST_ACT_MW,3.8,2647,ACTUAL,17
2021-07-01T07:00:00-00:00,2021-07-01T08:00:00-00:00,0,2021-07-01,1,0,ACTUAL,PGE,Total Actual Hourly Integrated Load,SYS_FCST_ACT_MW,3.8,2168,ACTUAL,17
2021-07-02T06:00:00-00:00,2021-07-02T07:00:00-00:00,0,2021-07-01,24,0,ACTUAL,PGE,Total Actual Hourly Integrated Load,SYS_FCST_ACT_MW,3.8,2210,ACTUAL,17
2021-07-02T04:00:00-00:00,2021-07-02T05:00:00-00:00,0,2021-07-01,22,0,ACTUAL,PGE,Total Actual Hourly Integrated Load,SYS_FCST_ACT_MW,3.8,2547,ACTUAL,17
2021-07-01T20:00:00-00:00,2021-07-01T21:00:00-00:00,0,2021-07-01,14,0,ACTUAL,PGE,Total Actual Hourly Integrated Load,SYS_FCST_ACT_MW,3.8,2659,ACTUAL,17
2021-07-01T19:00:00-00:00,2021-07-01T20:00:00-00:00,0,2021-07-01,13,0,ACTUAL,PGE,Total Actual Hourly Integrated Load,SYS_FCST_ACT_MW,3.8,2664,ACTUAL,17
2021-07-01T22:00:00-00:00,2021-07-01T23:00:00-00:00,0,2021-07-01,16,0,ACTUAL,PGE,Total Actual Hourly Integrated Load,SYS_FCST_ACT_MW,3.8,2669,ACTUAL,17
2021-07-01T09:00:00-00:00,2021-07-01T10:00:00-00:00,0,2021-07-01,3,0,ACTUAL,PGE,Total Actual Hourly Integrated Load,SYS_FCST_ACT_MW,3.8,2026,ACTUAL,17
2021-07-01T17:00:00-00:00,2021-07-01T18:00:00-00:00,0,2021-07-01,11,0,ACTUAL,PGE,Total Actual Hourly Integrated Load,SYS_FCST_ACT_MW,3.8,2616,ACTUAL,17
2021-07-01T13:00:00-00:00,2021-07-01T14:00:00-00:00,0,2021-07-01,7,0,ACTUAL,PGE,Total Actual Hourly Integrated Load,SYS_FCST_ACT_MW,3.8,2314,ACTUAL,17
2021-07-02T01:00:00-00:00,2021-07-02T02:00:00-00:00,0,2021-07-01,19,0,ACTUAL,PGE,Total Actual Hourly Integrated Load,SYS_FCST_ACT_MW,3.8,2698,ACTUAL,17
2021-07-01T15:00:00-00:00,2021-07-01T16:00:00-00:00,0,2021-07-01,9,0,ACTUAL,PGE,Total Actual Hourly Integrated Load,SYS_FCST_ACT_MW,3.8,2531,ACTUAL,17
2021-07-01T12:00:00-00:00,2021-07-01T13:00:00-00:00,0,2021-07-01,6,0,ACTUAL,PGE,Total Actual Hourly Integrated Load,SYS_FCST_ACT_MW,3.8,2138,ACTUAL,17
2021-07-01T11:00:00-00:00,2021-07-01T12:00:00-00:00,0,2021-07-01,5,0,ACTUAL,PGE,Total Actual Hourly Integrated Load,SYS_FCST_ACT_MW,3.8,2015,ACTUAL,17
2021-07-01T16:00:00-00:00,2021-07-01T17:00:00-00:00,0,2021-07-01,10,0,ACTUAL,PGE,Total Actual Hourly Integrated Load,SYS_FCST_ACT_MW,3.8,2581,ACTUAL,17
2021-07-01T12:00:00-00:00,2021-07-01T13:00:00-00:00,0,2021-07-01,6,0,ACTUAL,PGE-TAC,Total Actual Hourly Integrated Load,SYS_FCST_ACT_MW,3.1,11736,ACTUAL,18
2021-07-02T04:00:00-00:00,2021-07-02T05:00:00-00:00,0,2021-07-01,22,0,ACTUAL,PGE-TAC,Total Actual Hourly Integrated Load,SYS_FCST_ACT_MW,3.1,15554,ACTUAL,18
2021-07-02T03:00:00-00:00,2021-07-02T04:00:00-00:00,0,2021-07-01,21,0,ACTUAL,PGE-TAC,Total Actual Hourly Integrated Load,SYS_FCST_ACT_MW,3.1,16158,ACTUAL,18
2021-07-01T22:00:00-00:00,2021-07-01T23:00:00-00:00,0,2021-07-01,16,0,ACTUAL,PGE-TAC,Total Actual Hourly Integrated Load,SYS_FCST_ACT_MW,3.1,14695,ACTUAL,18
2021-07-01T20:00:00-00:00,2021-07-01T21:00:00-00:00,0,2021-07-01,14,0,ACTUAL,PGE-TAC,Total Actual Hourly Integrated Load,SYS_FCST_ACT_MW,3.1,13344,ACTUAL,18
2021-07-01T17:00:00-00:00,2021-07-01T18:00:00-00:00,0,2021-07-01,11,0,ACTUAL,PGE-TAC,Total Actual Hourly Integrated Load,SYS_FCST_ACT_MW,3.1,12982,ACTUAL,18
2021-07-02T06:00:00-00:00,2021-07-02T07:00:00-00:00,0,2021-07-01,24,0,ACTUAL,PGE-TAC,Total Actual Hourly Integrated Load,SYS_FCST_ACT_MW,3.1,13348,ACTUAL,18
2021-07-01T09:00:00-00:00,2021-07-01T10:00:00-00:00,0,2021-07-01,3,0,ACTUAL,PGE-TAC,Total Actual Hourly Integrated Load,SYS_FCST_ACT_MW,3.1,11509,ACTUAL,18
2021-07-01T15:00:00-00:00,2021-07-01T16:00:00-00:00,0,2021-07-01,9,0,ACTUAL,PGE-TAC,Total Actual Hourly Integrated Load,SYS_FCST_ACT_MW,3.1,13393,ACTUAL,18
2021-07-02T01:00:00-00:00,2021-07-02T02:00:00-00:00,0,2021-07-01,19,0,ACTUAL,PGE-TAC,Total Actual Hourly Integrated Load,SYS_FCST_ACT_MW,3.1,16585,ACTUAL,18
2021-07-02T00:00:00-00:00,2021-07-02T01:00:00-00:00,0,2021-07-01,18,0,ACTUAL,PGE-TAC,Total Actual Hourly Integrated Load,SYS_FCST_ACT_MW,3.1,16163,ACTUAL,18
2021-07-01T10:00:00-00:00,2021-07-01T11:00:00-00:00,0,2021-07-01,4,0,ACTUAL,PGE-TAC,Total Actual Hourly Integrated Load,SYS_FCST_ACT_MW,3.1,11325,ACTUAL,18
2021-07-01T23:00:00-00:00,2021-07-02T00:00:00-00:00,0,2021-07-01,17,0,ACTUAL,PGE-TAC,Total Actual Hourly Integrated Load,SYS_FCST_ACT_MW,3.1,15456,ACTUAL,18
2021-07-01T14:00:00-00:00,2021-07-01T15:00:00-00:00,0,2021-07-01,8,0,ACTUAL,PGE-TAC,Total Actual Hourly Integrated Load,SYS_FCST_ACT_MW,3.1,12960,ACTUAL,18
2021-07-01T21:00:00-00:00,2021-07-01T22:00:00-00:00,0,2021-07-01,15,0,ACTUAL,PGE-TAC,Total Actual Hourly Integrated Load,SYS_FCST_ACT_MW,3.1,13927,ACTUAL,18
2021-07-01T19:00:00-00:00,2021-07-01T20:00:00-00:00,0,2021-07-01,13,0,ACTUAL,PGE-TAC,Total Actual Hourly Integrated Load,SYS_FCST_ACT_MW,3.1,13228,ACTUAL,18
2021-07-01T18:00:00-00:00,2021-07-01T19:00:00-00:00,0,2021-07-01,12,0,ACTUAL,PGE-TAC,Total Actual Hourly Integrated Load,SYS_FCST_ACT_MW,3.1,13089,ACTUAL,18
2021-07-01T13:00:00-00:00,2021-07-01T14:00:00-00:00,0,2021-07-01,7,0,ACTUAL,PGE-TAC,Total Actual Hourly Integrated Load,SYS_FCST_ACT_MW,3.1,12257,ACTUAL,18
2021-07-01T08:00:00-00:00,2021-07-01T09:00:00-00:00,0,2021-07-01,2,0,ACTUAL,PGE-TAC,Total Actual Hourly Integrated Load,SYS_FCST_ACT_MW,3.1,11882,ACTUAL,18
2021-07-02T05:00:00-00:00,2021-07-02T06:00:00-00:00,0,2021-07-01,23,0,ACTUAL,PGE-TAC,Total Actual Hourly Integrated Load,SYS_FCST_ACT_MW,3.1,14394,ACTUAL,18
2021-07-01T07:00:00-00:00,2021-07-01T08:00:00-00:00,0,2021-07-01,1,0,ACTUAL,PGE-TAC,Total Actual Hourly Integrated Load,SYS_FCST_ACT_MW,3.1,12462,ACTUAL,18
2021-07-02T02:00:00-00:00,2021-07-02T03:00:00-00:00,0,2021-07-01,20,0,ACTUAL,PGE-TAC,Total Actual Hourly Integrated Load,SYS_FCST_ACT_MW,3.1,16535,ACTUAL,18
2021-07-01T16:00:00-00:00,2021-07-01T17:00:00-00:00,0,2021-07-01,10,0,ACTUAL,PGE-TAC,Total Actual Hourly Integrated Load,SYS_FCST_ACT_MW,3.1,13281,ACTUAL,18
2021-07-01T11:00:00-00:00,2021-07-01T12:00:00-00:00,0,2021-07-01,5,0,ACTUAL,PGE-TAC,Total Actual Hourly Integrated Load,SYS_FCST_ACT_MW,3.1,11401,ACTUAL,18
2021-07-01T11:00:00-00:00,2021-07-01T12:00:00-00:00,0,2021-07-01,5,0,ACTUAL,PNM,Total Actual Hourly Integrated Load,SYS_FCST_ACT_MW,3.8,1308,ACTUAL,19
2021-07-02T01:00:00-00:00,2021-07-02T02:00:00-00:00,0,2021-07-01,19,0,ACTUAL,PNM,Total Actual Hourly Integrated Load,SYS_FCST_ACT_MW,3.8,1937,ACTUAL,19
2021-07-02T04:00:00-00:00,2021-07-02T05:00:00-00:00,0,2021-07-01,22,0,ACTUAL,PNM,Total Actual Hourly Integrated Load,SYS_FCST_ACT_MW,3.8,1695,ACTUAL,19
2021-07-01T08:00:00-00:00,2021-07-01T09:00:00-00:00,0,2021-07-01,2,0,ACTUAL,PNM,Total Actual Hourly Integrated Load,SYS_FCST_ACT_MW,3.8,1249,ACTUAL,19
2021-07-01T14:00:00-00:00,2021-07-01T15:00:00-00:00,0,2021-07-01,8,0,ACTUAL,PNM,Total Actual Hourly Integrated Load,SYS_FCST_ACT_MW,3.8,1431,ACTUAL,19
2021-07-01T15:00:00-00:00,2021-07-01T16:00:00-00:00,0,2021-07-01,9,0,ACTUAL,PNM,Total Actual Hourly Integrated Load,SYS_FCST_ACT_MW,3.8,1475,ACTUAL,19
2021-07-01T18:00:00-00:00,2021-07-01T19:00:00-00:00,0,2021-07-01,12,0,ACTUAL,PNM,Total Actual Hourly Integrated Load,SYS_FCST_ACT_MW,3.8,1695,ACTUAL,19
2021-07-01T21:00:00-00:00,2021-07-01T22:00:00-00:00,0,2021-07-01,15,0,ACTUAL,PNM,Total Actual Hourly Integrated Load,SYS_FCST_ACT_MW,3.8,1919,ACTUAL,19
2021-07-02T03:00:00-00:00,2021-07-02T04:00:00-00:00,0,2021-07-01,21,0,ACTUAL,PNM,Total Actual Hourly Integrated Load,SYS_FCST_ACT_MW,3.8,1829,ACTUAL,19
2021-07-01T16:00:00-00:00,2021-07-01T17:00:00-00:00,0,2021-07-01,10,0,ACTUAL,PNM,Total Actual Hourly Integrated Load,SYS_FCST_ACT_MW,3.8,1546,ACTUAL,19
2021-07-01T17:00:00-00:00,2021-07-01T18:00:00-00:00,0,2021-07-01,11,0,ACTUAL,PNM,Total Actual Hourly Integrated Load,SYS_FCST_ACT_MW,3.8,1627,ACTUAL,19
2021-07-01T22:00:00-00:00,2021-07-01T23:00:00-00:00,0,2021-07-01,16,0,ACTUAL,PNM,Total Actual Hourly Integrated Load,SYS_FCST_ACT_MW,3.8,1971,ACTUAL,19
2021-07-02T05:00:00-00:00,2021-07-02T06:00:00-00:00,0,2021-07-01,23,0,ACTUAL,PNM,Total Actual Hourly Integrated Load,SYS_FCST_ACT_MW,3.8,1560,ACTUAL,19
2021-07-02T06:00:00-00:00,2021-07-02T07:00:00-00:00,0,2021-07-01,24,0,ACTUAL,PNM,Total Actual Hourly Integrated Load,SYS_FCST_ACT_MW,3.8,1469,ACTUAL,19
2021-07-01T12:00:00-00:00,2021-07-01T13:00:00-00:00,0,2021-07-01,6,0,ACTUAL,PNM,Total Actual Hourly Integrated Load,SYS_FCST_ACT_MW,3.8,1356,ACTUAL,19
2021-07-02T00:00:00-00:00,2021-07-02T01:00:00-00:00,0,2021-07-01,18,0,ACTUAL,PNM,Total Actual Hourly Integrated Load,SYS_FCST_ACT_MW,3.8,1996,ACTUAL,19
2021-07-01T07:00:00-00:00,2021-07-01T08:00:00-00:00,0,2021-07-01,1,0,ACTUAL,PNM,Total Actual Hourly Integrated Load,SYS_FCST_ACT_MW,3.8,1273,ACTUAL,19
2021-07-01T09:00:00-00:00,2021-07-01T10:00:00-00:00,0,2021-07-01,3,0,ACTUAL,PNM,Total Actual Hourly Integrated Load,SYS_FCST_ACT_MW,3.8,1245,ACTUAL,19
2021-07-01T13:00:00-00:00,2021-07-01T14:00:00-00:00,0,2021-07-01,7,0,ACTUAL,PNM,Total Actual Hourly Integrated Load,SYS_FCST_ACT_MW,3.8,1399,ACTUAL,19
2021-07-01T19:00:00-00:00,2021-07-01T20:00:00-00:00,0,2021-07-01,13,0,ACTUAL,PNM,Total Actual Hourly Integrated Load,SYS_FCST_ACT_MW,3.8,1771,ACTUAL,19
2021-07-01T10:00:00-00:00,2021-07-01T11:00:00-00:00,0,2021-07-01,4,0,ACTUAL,PNM,Total Actual Hourly Integrated Load,SYS_FCST_ACT_MW,3.8,1263,ACTUAL,19
2021-07-01T20:00:00-00:00,2021-07-01T21:00:00-00:00,0,2021-07-01,14,0,ACTUAL,PNM,Total Actual Hourly Integrated Load,SYS_FCST_ACT_MW,3.8,1854,ACTUAL,19
2021-07-01T23:00:00-00:00,2021-07-02T00:00:00-00:00,0,2021-07-01,17,0,ACTUAL,PNM,Total Actual Hourly Integrated Load,SYS_FCST_ACT_MW,3.8,2000,ACTUAL,19
2021-07-02T02:00:00-00:00,2021-07-02T03:00:00-00:00,0,2021-07-01,20,0,ACTUAL,PNM,Total Actual Hourly Integrated Load,SYS_FCST_ACT_MW,3.8,1865,ACTUAL,19
2021-07-01T13:00:00-00:00,2021-07-01T14:00:00-00:00,0,2021-07-01,7,0,ACTUAL,PSEI,Total Actual Hourly Integrated Load,SYS_FCST_ACT_MW,3.8,2322,ACTUAL,20
2021-07-02T04:00:00-00:00,2021-07-02T05:00:00-00:00,0,2021-07-01,22,0,ACTUAL,PSEI,Total Actual Hourly Integrated Load,SYS_FCST_ACT_MW,3.8,2708,ACTUAL,20
2021-07-02T05:00:00-00:00,2021-07-02T06:00:00-00:00,0,2021-07-01,23,0,ACTUAL,PSEI,Total Actual Hourly Integrated Load,SYS_FCST_ACT_MW,3.8,2550,ACTUAL,20
2021-07-01T07:00:00-00:00,2021-07-01T08:00:00-00:00,0,2021-07-01,1,0,ACTUAL,PSEI,Total Actual Hourly Integrated Load,SYS_FCST_ACT_MW,3.8,2181,ACTUAL,20
2021-07-01T08:00:00-00:00,2021-07-01T09:00:00-00:00,0,2021-07-01,2,0,ACTUAL,PSEI,Total Actual Hourly Integrated Load,SYS_FCST_ACT_MW,3.8,2073,ACTUAL,20
2021-07-01T17:00:00-00:00,2021-07-01T18:00:00-00:00,0,2021-07-01,11,0,ACTUAL,PSEI,Total Actual Hourly Integrated Load,SYS_FCST_ACT_MW,3.8,2739,ACTUAL,20
2021-07-01T21:00:00-00:00,2021-07-01T22:00:00-00:00,0,2021-07-01,15,0,ACTUAL,PSEI,Total Actual Hourly Integrated Load,SYS_FCST_ACT_MW,3.8,2847,ACTUAL,20
2021-07-02T01:00:00-00:00,2021-07-02T02:00:00-00:00,0,2021-07-01,19,0,ACTUAL,PSEI,Total Actual Hourly Integrated Load,SYS_FCST_ACT_MW,3.8,2855,ACTUAL,20
2021-07-01T11:00:00-00:00,2021-07-01T12:00:00-00:00,0,2021-07-01,5,0,ACTUAL,PSEI,Total Actual Hourly Integrated Load,SYS_FCST_ACT_MW,3.8,2061,ACTUAL,20
2021-07-01T20:00:00-00:00,2021-07-01T21:00:00-00:00,0,2021-07-01,14,0,ACTUAL,PSEI,Total Actual Hourly Integrated Load,SYS_FCST_ACT_MW,3.8,2837,ACTUAL,20
2021-07-01T15:00:00-00:00,2021-07-01T16:00:00-00:00,0,2021-07-01,9,0,ACTUAL,PSEI,Total Actual Hourly Integrated Load,SYS_FCST_ACT_MW,3.8,2606,ACTUAL,20
2021-07-01T22:00:00-00:00,2021-07-01T23:00:00-00:00,0,2021-07-01,16,0,ACTUAL,PSEI,Total Actual Hourly Integrated Load,SYS_FCST_ACT_MW,3.8,2856,ACTUAL,20
2021-07-01T09:00:00-00:00,2021-07-01T10:00:00-00:00,0,2021-07-01,3,0,ACTUAL,PSEI,Total Actual Hourly Integrated Load,SYS_FCST_ACT_MW,3.8,2015,ACTUAL,20
2021-07-01T10:00:00-00:00,2021-07-01T11:00:00-00:00,0,2021-07-01,4,0,ACTUAL,PSEI,Total Actual Hourly Integrated Load,SYS_FCST_ACT_MW,3.8,2007,ACTUAL,20
2021-07-01T12:00:00-00:00,2021-07-01T13:00:00-00:00,0,2021-07-01,6,0,ACTUAL,PSEI,Total Actual Hourly Integrated Load,SYS_FCST_ACT_MW,3.8,2166,ACTUAL,20
2021-07-01T14:00:00-00:00,2021-07-01T15:00:00-00:00,0,2021-07-01,8,0,ACTUAL,PSEI,Total Actual Hourly Integrated Load,SYS_FCST_ACT_MW,3.8,2488,ACTUAL,20
2021-07-01T16:00:00-00:00,2021-07-01T17:00:00-00:00,0,2021-07-01,10,0,ACTUAL,PSEI,Total Actual Hourly Integrated Load,SYS_FCST_ACT_MW,3.8,2685,ACTUAL,20
2021-07-01T18:00:00-00:00,2021-07-01T19:00:00-00:00,0,2021-07-01,12,0,ACTUAL,PSEI,Total Actual Hourly Integrated Load,SYS_FCST_ACT_MW,3.8,2786,ACTUAL,20
2021-07-01T19:00:00-00:00,2021-07-01T20:00:00-00:00,0,2021-07-01,13,0,ACTUAL,PSEI,Total Actual Hourly Integrated Load,SYS_FCST_ACT_MW,3.8,2820,ACTUAL,20
2021-07-02T03:00:00-00:00,2021-07-02T04:00:00-00:00,0,2021-07-01,21,0,ACTUAL,PSEI,Total Actual Hourly Integrated Load,SYS_FCST_ACT_MW,3.8,2757,ACTUAL,20
2021-07-02T06:00:00-00:00,2021-07-02T07:00:00-00:00,0,2021-07-01,24,0,ACTUAL,PSEI,Total Actual Hourly Integrated Load,SYS_FCST_ACT_MW,3.8,2327,ACTUAL,20
2021-07-01T23:00:00-00:00,2021-07-02T00:00:00-00:00,0,2021-07-01,17,0,ACTUAL,PSEI,Total Actual Hourly Integrated Load,SYS_FCST_ACT_MW,3.8,2874,ACTUAL,20
2021-07-02T00:00:00-00:00,2021-07-02T01:00:00-00:00,0,2021-07-01,18,0,ACTUAL,PSEI,Total Actual Hourly Integrated Load,SYS_FCST_ACT_MW,3.8,2883,ACTUAL,20
2021-07-02T02:00:00-00:00,2021-07-02T03:00:00-00:00,0,2021-07-01,20,0,ACTUAL,PSEI,Total Actual Hourly Integrated Load,SYS_FCST_ACT_MW,3.8,2803,ACTUAL,20
2021-07-01T07:00:00-00:00,2021-07-01T08:00:00-00:00,0,2021-07-01,1,0,ACTUAL,SCE-TAC,Total Actual Hourly Integrated Load,SYS_FCST_ACT_MW,3.2,11995,ACTUAL,21
2021-07-01T10:00:00-00:00,2021-07-01T11:00:00-00:00,0,2021-07-01,4,0,ACTUAL,SCE-TAC,Total Actual Hourly Integrated Load,SYS_FCST_ACT_MW,3.2,10683,ACTUAL,21
2021-07-02T04:00:00-00:00,2021-07-02T05:00:00-00:00,0,2021-07-01,22,0,ACTUAL,SCE-TAC,Total Actual Hourly Integrated Load,SYS_FCST_ACT_MW,3.2,15666,ACTUAL,21
2021-07-01T18:00:00-00:00,2021-07-01T19:00:00-00:00,0,2021-07-01,12,0,ACTUAL,SCE-TAC,Total Actual Hourly Integrated Load,SYS_FCST_ACT_MW,3.2,14843,ACTUAL,21
2021-07-02T05:00:00-00:00,2021-07-02T06:00:00-00:00,0,2021-07-01,23,0,ACTUAL,SCE-TAC,Total Actual Hourly Integrated Load,SYS_FCST_ACT_MW,3.2,14411,ACTUAL,21
2021-07-02T01:00:00-00:00,2021-07-02T02:00:00-00:00,0,2021-07-01,19,0,ACTUAL,SCE-TAC,Total Actual Hourly Integrated Load,SYS_FCST_ACT_MW,3.2,18323,ACTUAL,21
2021-07-01T19:00:00-00:00,2021-07-01T20:00:00-00:00,0,2021-07-01,13,0,ACTUAL,SCE-TAC,Total Actual Hourly Integrated Load,SYS_FCST_ACT_MW,3.2,15892,ACTUAL,21
2021-07-01T14:00:00-00:00,2021-07-01T15:00:00-00:00,0,2021-07-01,8,0,ACTUAL,SCE-TAC,Total Actual Hourly Integrated Load,SYS_FCST_ACT_MW,3.2,12078,ACTUAL,21
2021-07-01T08:00:00-00:00,2021-07-01T09:00:00-00:00,0,2021-07-01,2,0,ACTUAL,SCE-TAC,Total Actual Hourly Integrated Load,SYS_FCST_ACT_MW,3.2,11263,ACTUAL,21
2021-07-01T12:00:00-00:00,2021-07-01T13:00:00-00:00,0,2021-07-01,6,0,ACTUAL,SCE-TAC,Total Actual Hourly Integrated Load,SYS_FCST_ACT_MW,3.2,10912,ACTUAL,21
2021-07-02T02:00:00-00:00,2021-07-02T03:00:00-00:00,0,2021-07-01,20,0,ACTUAL,SCE-TAC,Total Actual Hourly Integrated Load,SYS_FCST_ACT_MW,3.2,17323,ACTUAL,21
2021-07-01T23:00:00-00:00,2021-07-02T00:00:00-00:00,0,2021-07-01,17,0,ACTUAL,SCE-TAC,Total Actual Hourly Integrated Load,SYS_FCST_ACT_MW,3.2,18949,ACTUAL,21
2021-07-01T22:00:00-00:00,2021-07-01T23:00:00-00:00,0,2021-07-01,16,0,ACTUAL,SCE-TAC,Total Actual Hourly Integrated Load,SYS_FCST_ACT_MW,3.2,18564,ACTUAL,21
2021-07-01T21:00:00-00:00,2021-07-01T22:00:00-00:00,0,2021-07-01,15,0,ACTUAL,SCE-TAC,Total Actual Hourly Integrated Load,SYS_FCST_ACT_MW,3.2,17828,ACTUAL,21
2021-07-01T20:00:00-00:00,2021-07-01T21:00:00-00:00,0,2021-07-01,14,0,ACTUAL,SCE-TAC,Total Actual Hourly Integrated Load,SYS_FCST_ACT_MW,3.2,16827,ACTUAL,21
2021-07-01T13:00:00-00:00,2021-07-01T14:00:00-00:00,0,2021-07-01,7,0,ACTUAL,SCE-TAC,Total Actual Hourly Integrated Load,SYS_FCST_ACT_MW,3.2,11351,ACTUAL,21
2021-07-01T11:00:00-00:00,2021-07-01T12:00:00-00:00,0,2021-07-01,5,0,ACTUAL,SCE-TAC,Total Actual Hourly Integrated Load,SYS_FCST_ACT_MW,3.2,10711,ACTUAL,21
2021-07-02T06:00:00-00:00,2021-07-02T07:00:00-00:00,0,2021-07-01,24,0,ACTUAL,SCE-TAC,Total Actual Hourly Integrated Load,SYS_FCST_ACT_MW,3.2,13185,ACTUAL,21
2021-07-01T17:00:00-00:00,2021-07-01T18:00:00-00:00,0,2021-07-01,11,0,ACTUAL,SCE-TAC,Total Actual Hourly Integrated Load,SYS_FCST_ACT_MW,3.2,13702,ACTUAL,21
2021-07-02T03:00:00-00:00,2021-07-02T04:00:00-00:00,0,2021-07-01,21,0,ACTUAL,SCE-TAC,Total Actual Hourly Integrated Load,SYS_FCST_ACT_MW,3.2,16492,ACTUAL,21
2021-07-02T00:00:00-00:00,2021-07-02T01:00:00-00:00,0,2021-07-01,18,0,ACTUAL,SCE-TAC,Total Actual Hourly Integrated Load,SYS_FCST_ACT_MW,3.2,18896,ACTUAL,21
2021-07-01T16:00:00-00:00,2021-07-01T17:00:00-00:00,0,2021-07-01,10,0,ACTUAL,SCE-TAC,Total Actual Hourly Integrated Load,SYS_FCST_ACT_MW,3.2,12951,ACTUAL,21
2021-07-01T09:00:00-00:00,2021-07-01T10:00:00-00:00,0,2021-07-01,3,0,ACTUAL,SCE-TAC,Total Actual Hourly Integrated Load,SYS_FCST_ACT_MW,3.2,10869,ACTUAL,21
2021-07-01T15:00:00-00:00,2021-07-01T16:00:00-00:00,0,2021-07-01,9,0,ACTUAL,SCE-TAC,Total Actual Hourly Integrated Load,SYS_FCST_ACT_MW,3.2,12484,ACTUAL,21
2021-07-02T02:00:00-00:00,2021-07-02T03:00:00-00:00,0,2021-07-01,20,0,ACTUAL,SCL,Total Actual Hourly Integrated Load,SYS_FCST_ACT_MW,3.8,1031,ACTUAL,22
2021-07-01T22:00:00-00:00,2021-07-01T23:00:00-00:00,0,2021-07-01,16,0,ACTUAL,SCL,Total Actual Hourly Integrated Load,SYS_FCST_ACT_MW,3.8,1101,ACTUAL,22
2021-07-01T10:00:00-00:00,2021-07-01T11:00:00-00:00,0,2021-07-01,4,0,ACTUAL,SCL,Total Actual Hourly Integrated Load,SYS_FCST_ACT_MW,3.8,785,ACTUAL,22
2021-07-02T06:00:00-00:00,2021-07-02T07:00:00-00:00,0,2021-07-01,24,0,ACTUAL,SCL,Total Actual Hourly Integrated Load,SYS_FCST_ACT_MW,3.8,888,ACTUAL,22
2021-07-02T03:00:00-00:00,2021-07-02T04:00:00-00:00,0,2021-07-01,21,0,ACTUAL,SCL,Total Actual Hourly Integrated Load,SYS_FCST_ACT_MW,3.8,1016,ACTUAL,22
2021-07-01T18:00:00-00:00,2021-07-01T19:00:00-00:00,0,2021-07-01,12,0,ACTUAL,SCL,Total Actual Hourly Integrated Load,SYS_FCST_ACT_MW,3.8,1082,ACTUAL,22
2021-07-01T14:00:00-00:00,2021-07-01T15:00:00-00:00,0,2021-07-01,8,0,ACTUAL,SCL,Total Actual Hourly Integrated Load,SYS_FCST_ACT_MW,3.8,980,ACTUAL,22
2021-07-01T08:00:00-00:00,2021-07-01T09:00:00-00:00,0,2021-07-01,2,0,ACTUAL,SCL,Total Actual Hourly Integrated Load,SYS_FCST_ACT_MW,3.8,806,ACTUAL,22
2021-07-01T21:00:00-00:00,2021-07-01T22:00:00-00:00,0,2021-07-01,15,0,ACTUAL,SCL,Total Actual Hourly Integrated Load,SYS_FCST_ACT_MW,3.8,1096,ACTUAL,22
2021-07-01T13:00:00-00:00,2021-07-01T14:00:00-00:00,0,2021-07-01,7,0,ACTUAL,SCL,Total Actual Hourly Integrated Load,SYS_FCST_ACT_MW,3.8,912,ACTUAL,22
2021-07-02T01:00:00-00:00,2021-07-02T02:00:00-00:00,0,2021-07-01,19,0,ACTUAL,SCL,Total Actual Hourly Integrated Load,SYS_FCST_ACT_MW,3.8,1055,ACTUAL,22
2021-07-01T19:00:00-00:00,2021-07-01T20:00:00-00:00,0,2021-07-01,13,0,ACTUAL,SCL,Total Actual Hourly Integrated Load,SYS_FCST_ACT_MW,3.8,1088,ACTUAL,22
2021-07-01T12:00:00-00:00,2021-07-01T13:00:00-00:00,0,2021-07-01,6,0,ACTUAL,SCL,Total Actual Hourly Integrated Load,SYS_FCST_ACT_MW,3.8,844,ACTUAL,22
2021-07-01T16:00:00-00:00,2021-07-01T17:00:00-00:00,0,2021-07-01,10,0,ACTUAL,SCL,Total Actual Hourly Integrated Load,SYS_FCST_ACT_MW,3.8,1050,ACTUAL,22
2021-07-01T15:00:00-00:00,2021-07-01T16:00:00-00:00,0,2021-07-01,9,0,ACTUAL,SCL,Total Actual Hourly Integrated Load,SYS_FCST_ACT_MW,3.8,1024,ACTUAL,22
2021-07-01T09:00:00-00:00,2021-07-01T10:00:00-00:00,0,2021-07-01,3,0,ACTUAL,SCL,Total Actual Hourly Integrated Load,SYS_FCST_ACT_MW,3.8,788,ACTUAL,22
2021-07-02T05:00:00-00:00,2021-07-02T06:00:00-00:00,0,2021-07-01,23,0,ACTUAL,SCL,Total Actual Hourly Integrated Load,SYS_FCST_ACT_MW,3.8,956,ACTUAL,22
2021-07-02T00:00:00-00:00,2021-07-02T01:00:00-00:00,0,2021-07-01,18,0,ACTUAL,SCL,Total Actual Hourly Integrated Load,SYS_FCST_ACT_MW,3.8,1087,ACTUAL,22
2021-07-01T11:00:00-00:00,2021-07-01T12:00:00-00:00,0,2021-07-01,5,0,ACTUAL,SCL,Total Actual Hourly Integrated Load,SYS_FCST_ACT_MW,3.8,802,ACTUAL,22
2021-07-01T07:00:00-00:00,2021-07-01T08:00:00-00:00,0,2021-07-01,1,0,ACTUAL,SCL,Total Actual Hourly Integrated Load,SYS_FCST_ACT_MW,3.8,843,ACTUAL,22
2021-07-02T04:00:00-00:00,2021-07-02T05:00:00-00:00,0,2021-07-01,22,0,ACTUAL,SCL,Total Actual Hourly Integrated Load,SYS_FCST_ACT_MW,3.8,1003,ACTUAL,22
2021-07-01T23:00:00-00:00,2021-07-02T00:00:00-00:00,0,2021-07-01,17,0,ACTUAL,SCL,Total Actual Hourly Integrated Load,SYS_FCST_ACT_MW,3.8,1100,ACTUAL,22
2021-07-01T17:00:00-00:00,2021-07-01T18:00:00-00:00,0,2021-07-01,11,0,ACTUAL,SCL,Total Actual Hourly Integrated Load,SYS_FCST_ACT_MW,3.8,1065,ACTUAL,22
2021-07-01T20:00:00-00:00,2021-07-01T21:00:00-00:00,0,2021-07-01,14,0,ACTUAL,SCL,Total Actual Hourly Integrated Load,SYS_FCST_ACT_MW,3.8,1091,ACTUAL,22
2021-07-02T04:00:00-00:00,2021-07-02T05:00:00-00:00,0,2021-07-01,22,0,ACTUAL,SDGE-TAC,Total Actual Hourly Integrated Load,SYS_FCST_ACT_MW,3.4,2698,ACTUAL,23
2021-07-02T05:00:00-00:00,2021-07-02T06:00:00-00:00,0,2021-07-01,23,0,ACTUAL,SDGE-TAC,Total Actual Hourly Integrated Load,SYS_FCST_ACT_MW,3.4,2496,ACTUAL,23
2021-07-01T19:00:00-00:00,2021-07-01T20:00:00-00:00,0,2021-07-01,13,0,ACTUAL,SDGE-TAC,Total Actual Hourly Integrated Load,SYS_FCST_ACT_MW,3.4,2108,ACTUAL,23
2021-07-01T20:00:00-00:00,2021-07-01T21:00:00-00:00,0,2021-07-01,14,0,ACTUAL,SDGE-TAC,Total Actual Hourly Integrated Load,SYS_FCST_ACT_MW,3.4,2194,ACTUAL,23
2021-07-02T01:00:00-00:00,2021-07-02T02:00:00-00:00,0,2021-07-01,19,0,ACTUAL,SDGE-TAC,Total Actual Hourly Integrated Load,SYS_FCST_ACT_MW,3.4,2870,ACTUAL,23
2021-07-01T08:00:00-00:00,2021-07-01T09:00:00-00:00,0,2021-07-01,2,0,ACTUAL,SDGE-TAC,Total Actual Hourly Integrated Load,SYS_FCST_ACT_MW,3.4,2032,ACTUAL,23
2021-07-01T09:00:00-00:00,2021-07-01T10:00:00-00:00,0,2021-07-01,3,0,ACTUAL,SDGE-TAC,Total Actual Hourly Integrated Load,SYS_FCST_ACT_MW,3.4,1957,ACTUAL,23
2021-07-01T15:00:00-00:00,2021-07-01T16:00:00-00:00,0,2021-07-01,9,0,ACTUAL,SDGE-TAC,Total Actual Hourly Integrated Load,SYS_FCST_ACT_MW,3.4,2109,ACTUAL,23
2021-07-01T21:00:00-00:00,2021-07-01T22:00:00-00:00,0,2021-07-01,15,0,ACTUAL,SDGE-TAC,Total Actual Hourly Integrated Load,SYS_FCST_ACT_MW,3.4,2327,ACTUAL,23
2021-07-02T02:00:00-00:00,2021-07-02T03:00:00-00:00,0,2021-07-01,20,0,ACTUAL,SDGE-TAC,Total Actual Hourly Integrated Load,SYS_FCST_ACT_MW,3.4,2844,ACTUAL,23
2021-07-02T06:00:00-00:00,2021-07-02T07:00:00-00:00,0,2021-07-01,24,0,ACTUAL,SDGE-TAC,Total Actual Hourly Integrated Load,SYS_FCST_ACT_MW,3.4,2318,ACTUAL,23
2021-07-01T10:00:00-00:00,2021-07-01T11:00:00-00:00,0,2021-07-01,4,0,ACTUAL,SDGE-TAC,Total Actual Hourly Integrated Load,SYS_FCST_ACT_MW,3.4,1931,ACTUAL,23
2021-07-01T12:00:00-00:00,2021-07-01T13:00:00-00:00,0,2021-07-01,6,0,ACTUAL,SDGE-TAC,Total Actual Hourly Integrated Load,SYS_FCST_ACT_MW,3.4,2029,ACTUAL,23
2021-07-01T16:00:00-00:00,2021-07-01T17:00:00-00:00,0,2021-07-01,10,0,ACTUAL,SDGE-TAC,Total Actual Hourly Integrated Load,SYS_FCST_ACT_MW,3.4,2037,ACTUAL,23
2021-07-01T23:00:00-00:00,2021-07-02T00:00:00-00:00,0,2021-07-01,17,0,ACTUAL,SDGE-TAC,Total Actual Hourly Integrated Load,SYS_FCST_ACT_MW,3.4,2631,ACTUAL,23
2021-07-01T14:00:00-00:00,2021-07-01T15:00:00-00:00,0,2021-07-01,8,0,ACTUAL,SDGE-TAC,Total Actual Hourly Integrated Load,SYS_FCST_ACT_MW,3.4,2162,ACTUAL,23
2021-07-02T00:00:00-00:00,2021-07-02T01:00:00-00:00,0,2021-07-01,18,0,ACTUAL,SDGE-TAC,Total Actual Hourly Integrated Load,SYS_FCST_ACT_MW,3.4,2800,ACTUAL,23
2021-07-02T03:00:00-00:00,2021-07-02T04:00:00-00:00,0,2021-07-01,21,0,ACTUAL,SDGE-TAC,Total Actual Hourly Integrated Load,SYS_FCST_ACT_MW,3.4,2815,ACTUAL,23
2021-07-01T13:00:00-00:00,2021-07-01T14:00:00-00:00,0,2021-07-01,7,0,ACTUAL,SDGE-TAC,Total Actual Hourly Integrated Load,SYS_FCST_ACT_MW,3.4,2111,ACTUAL,23
2021-07-01T17:00:00-00:00,2021-07-01T18:00:00-00:00,0,2021-07-01,11,0,ACTUAL,SDGE-TAC,Total Actual Hourly Integrated Load,SYS_FCST_ACT_MW,3.4,2001,ACTUAL,23
2021-07-01T22:00:00-00:00,2021-07-01T23:00:00-00:00,0,2021-07-01,16,0,ACTUAL,SDGE-TAC,Total Actual Hourly Integrated Load,SYS_FCST_ACT_MW,3.4,2474,ACTUAL,23
2021-07-01T07:00:00-00:00,2021-07-01T08:00:00-00:00,0,2021-07-01,1,0,ACTUAL,SDGE-TAC,Total Actual Hourly Integrated Load,SYS_FCST_ACT_MW,3.4,2124,ACTUAL,23
2021-07-01T11:00:00-00:00,2021-07-01T12:00:00-00:00,0,2021-07-01,5,0,ACTUAL,SDGE-TAC,Total Actual Hourly Integrated Load,SYS_FCST_ACT_MW,3.4,1972,ACTUAL,23
2021-07-01T18:00:00-00:00,2021-07-01T19:00:00-00:00,0,2021-07-01,12,0,ACTUAL,SDGE-TAC,Total Actual Hourly Integrated Load,SYS_FCST_ACT_MW,3.4,2020,ACTUAL,23
2021-07-01T18:00:00-00:00,2021-07-01T19:00:00-00:00,0,2021-07-01,12,0,ACTUAL,SRP,Total Actual Hourly Integrated Load,SYS_FCST_ACT_MW,3.8,5697,ACTUAL,24
2021-07-01T21:00:00-00:00,2021-07-01T22:00:00-00:00,0,2021-07-01,15,0,ACTUAL,SRP,Total Actual Hourly Integrated Load,SYS_FCST_ACT_MW,3.8,6555,ACTUAL,24
2021-07-01T13:00:00-00:00,2021-07-01T14:00:00-00:00,0,2021-07-01,7,0,ACTUAL,SRP,Total Actual Hourly Integrated Load,SYS_FCST_ACT_MW,3.8,3840,ACTUAL,24
2021-07-01T17:00:00-00:00,2021-07-01T18:00:00-00:00,0,2021-07-01,11,0,ACTUAL,SRP,Total Actual Hourly Integrated Load,SYS_FCST_ACT_MW,3.8,5296,ACTUAL,24
2021-07-01T19:00:00-00:00,2021-07-01T20:00:00-00:00,0,2021-07-01,13,0,ACTUAL,SRP,Total Actual Hourly Integrated Load,SYS_FCST_ACT_MW,3.8,6068,ACTUAL,24
2021-07-02T00:00:00-00:00,2021-07-02T01:00:00-00:00,0,2021-07-01,18,0,ACTUAL,SRP,Total Actual Hourly Integrated Load,SYS_FCST_ACT_MW,3.8,6698,ACTUAL,24
2021-07-02T03:00:00-00:00,2021-07-02T04:00:00-00:00,0,2021-07-01,21,0,ACTUAL,SRP,Total Actual Hourly Integrated Load,SYS_FCST_ACT_MW,3.8,6117,ACTUAL,24
2021-07-02T06:00:00-00:00,2021-07-02T07:00:00-00:00,0,2021-07-01,24,0,ACTUAL,SRP,Total Actual Hourly Integrated Load,SYS_FCST_ACT_MW,3.8,4924,ACTUAL,24
2021-07-01T12:00:00-00:00,2021-07-01T13:00:00-00:00,0,2021-07-01,6,0,ACTUAL,SRP,Total Actual Hourly Integrated Load,SYS_FCST_ACT_MW,3.8,3706,ACTUAL,24
2021-07-02T05:00:00-00:00,2021-07-02T06:00:00-00:00,0,2021-07-01,23,0,ACTUAL,SRP,Total Actual Hourly Integrated Load,SYS_FCST_ACT_MW,3.8,5348,ACTUAL,24
2021-07-01T07:00:00-00:00,2021-07-01T08:00:00-00:00,0,2021-07-01,1,0,ACTUAL,SRP,Total Actual Hourly Integrated Load,SYS_FCST_ACT_MW,3.8,4186,ACTUAL,24
2021-07-01T08:00:00-00:00,2021-07-01T09:00:00-00:00,0,2021-07-01,2,0,ACTUAL,SRP,Total Actual Hourly Integrated Load,SYS_FCST_ACT_MW,3.8,3975,ACTUAL,24
2021-07-01T22:00:00-00:00,2021-07-01T23:00:00-00:00,0,2021-07-01,16,0,ACTUAL,SRP,Total Actual Hourly Integrated Load,SYS_FCST_ACT_MW,3.8,6610,ACTUAL,24
2021-07-01T10:00:00-00:00,2021-07-01T11:00:00-00:00,0,2021-07-01,4,0,ACTUAL,SRP,Total Actual Hourly Integrated Load,SYS_FCST_ACT_MW,3.8,3712,ACTUAL,24
2021-07-01T11:00:00-00:00,2021-07-01T12:00:00-00:00,0,2021-07-01,5,0,ACTUAL,SRP,Total Actual Hourly Integrated Load,SYS_FCST_ACT_MW,3.8,3690,ACTUAL,24
2021-07-01T15:00:00-00:00,2021-07-01T16:00:00-00:00,0,2021-07-01,9,0,ACTUAL,SRP,Total Actual Hourly Integrated Load,SYS_FCST_ACT_MW,3.8,4486,ACTUAL,24
2021-07-02T01:00:00-00:00,2021-07-02T02:00:00-00:00,0,2021-07-01,19,0,ACTUAL,SRP,Total Actual Hourly Integrated Load,SYS_FCST_ACT_MW,3.8,6595,ACTUAL,24
2021-07-02T02:00:00-00:00,2021-07-02T03:00:00-00:00,0,2021-07-01,20,0,ACTUAL,SRP,Total Actual Hourly Integrated Load,SYS_FCST_ACT_MW,3.8,6332,ACTUAL,24
2021-07-02T04:00:00-00:00,2021-07-02T05:00:00-00:00,0,2021-07-01,22,0,ACTUAL,SRP,Total Actual Hourly Integrated Load,SYS_FCST_ACT_MW,3.8,5770,ACTUAL,24
2021-07-01T09:00:00-00:00,2021-07-01T10:00:00-00:00,0,2021-07-01,3,0,ACTUAL,SRP,Total Actual Hourly Integrated Load,SYS_FCST_ACT_MW,3.8,3807,ACTUAL,24
2021-07-01T14:00:00-00:00,2021-07-01T15:00:00-00:00,0,2021-07-01,8,0,ACTUAL,SRP,Total Actual Hourly Integrated Load,SYS_FCST_ACT_MW,3.8,4137,ACTUAL,24
2021-07-01T20:00:00-00:00,2021-07-01T21:00:00-00:00,0,2021-07-01,14,0,ACTUAL,SRP,Total Actual Hourly Integrated Load,SYS_FCST_ACT_MW,3.8,6360,ACTUAL,24
2021-07-01T23:00:00-00:00,2021-07-02T00:00:00-00:00,0,2021-07-01,17,0,ACTUAL,SRP,Total Actual Hourly Integrated Load,SYS_FCST_ACT_MW,3.8,6691,ACTUAL,24
2021-07-01T16:00:00-00:00,2021-07-01T17:00:00-00:00,0,2021-07-01,10,0,ACTUAL,SRP,Total Actual Hourly Integrated Load,SYS_FCST_ACT_MW,3.8,4887,ACTUAL,24
2021-07-01T08:00:00-00:00,2021-07-01T09:00:00-00:00,0,2021-07-01,2,0,ACTUAL,TIDC,Total Actual Hourly Integrated Load,SYS_FCST_ACT_MW,3.8,360,ACTUAL,25
2021-07-02T06:00:00-00:00,2021-07-02T07:00:00-00:00,0,2021-07-01,24,0,ACTUAL,TIDC,Total Actual Hourly Integrated Load,SYS_FCST_ACT_MW,3.8,427,ACTUAL,25
2021-07-01T20:00:00-00:00,2021-07-01T21:00:00-00:00,0,2021-07-01,14,0,ACTUAL,TIDC,Total Actual Hourly Integrated Load,SYS_FCST_ACT_MW,3.8,528,ACTUAL,25
2021-07-01T12:00:00-00:00,2021-07-01T13:00:00-00:00,0,2021-07-01,6,0,ACTUAL,TIDC,Total Actual Hourly Integrated Load,SYS_FCST_ACT_MW,3.8,339,ACTUAL,25
2021-07-01T13:00:00-00:00,2021-07-01T14:00:00-00:00,0,2021-07-01,7,0,ACTUAL,TIDC,Total Actual Hourly Integrated Load,SYS_FCST_ACT_MW,3.8,354,ACTUAL,25
2021-07-02T03:00:00-00:00,2021-07-02T04:00:00-00:00,0,2021-07-01,21,0,ACTUAL,TIDC,Total Actual Hourly Integrated Load,SYS_FCST_ACT_MW,3.8,544,ACTUAL,25
2021-07-01T10:00:00-00:00,2021-07-01T11:00:00-00:00,0,2021-07-01,4,0,ACTUAL,TIDC,Total Actual Hourly Integrated Load,SYS_FCST_ACT_MW,3.8,331,ACTUAL,25
2021-07-01T18:00:00-00:00,2021-07-01T19:00:00-00:00,0,2021-07-01,12,0,ACTUAL,TIDC,Total Actual Hourly Integrated Load,SYS_FCST_ACT_MW,3.8,460,ACTUAL,25
2021-07-01T19:00:00-00:00,2021-07-01T20:00:00-00:00,0,2021-07-01,13,0,ACTUAL,TIDC,Total Actual Hourly Integrated Load,SYS_FCST_ACT_MW,3.8,494,ACTUAL,25
2021-07-02T00:00:00-00:00,2021-07-02T01:00:00-00:00,0,2021-07-01,18,0,ACTUAL,TIDC,Total Actual Hourly Integrated Load,SYS_FCST_ACT_MW,3.8,599,ACTUAL,25
2021-07-01T16:00:00-00:00,2021-07-01T17:00:00-00:00,0,2021-07-01,10,0,ACTUAL,TIDC,Total Actual Hourly Integrated Load,SYS_FCST_ACT_MW,3.8,406,ACTUAL,25
2021-07-01T23:00:00-00:00,2021-07-02T00:00:00-00:00,0,2021-07-01,17,0,ACTUAL,TIDC,Total Actual Hourly Integrated Load,SYS_FCST_ACT_MW,3.8,594,ACTUAL,25
2021-07-01T11:00:00-00:00,2021-07-01T12:00:00-00:00,0,2021-07-01,5,0,ACTUAL,TIDC,Total Actual Hourly Integrated Load,SYS_FCST_ACT_MW,3.8,330,ACTUAL,25
2021-07-01T21:00:00-00:00,2021-07-01T22:00:00-00:00,0,2021-07-01,15,0,ACTUAL,TIDC,Total Actual Hourly Integrated Load,SYS_FCST_ACT_MW,3.8,556,ACTUAL,25
2021-07-02T02:00:00-00:00,2021-07-02T03:00:00-00:00,0,2021-07-01,20,0,ACTUAL,TIDC,Total Actual Hourly Integrated Load,SYS_FCST_ACT_MW,3.8,573,ACTUAL,25
2021-07-02T05:00:00-00:00,2021-07-02T06:00:00-00:00,0,2021-07-01,23,0,ACTUAL,TIDC,Total Actual Hourly Integrated Load,SYS_FCST_ACT_MW,3.8,470,ACTUAL,25
2021-07-01T09:00:00-00:00,2021-07-01T10:00:00-00:00,0,2021-07-01,3,0,ACTUAL,TIDC,Total Actual Hourly Integrated Load,SYS_FCST_ACT_MW,3.8,342,ACTUAL,25
2021-07-01T07:00:00-00:00,2021-07-01T08:00:00-00:00,0,2021-07-01,1,0,ACTUAL,TIDC,Total Actual Hourly Integrated Load,SYS_FCST_ACT_MW,3.8,387,ACTUAL,25
2021-07-01T14:00:00-00:00,2021-07-01T15:00:00-00:00,0,2021-07-01,8,0,ACTUAL,TIDC,Total Actual Hourly Integrated Load,SYS_FCST_ACT_MW,3.8,371,ACTUAL,25
2021-07-02T01:00:00-00:00,2021-07-02T02:00:00-00:00,0,2021-07-01,19,0,ACTUAL,TIDC,Total Actual Hourly Integrated Load,SYS_FCST_ACT_MW,3.8,593,ACTUAL,25
2021-07-02T04:00:00-00:00,2021-07-02T05:00:00-00:00,0,2021-07-01,22,0,ACTUAL,TIDC,Total Actual Hourly Integrated Load,SYS_FCST_ACT_MW,3.8,514,ACTUAL,25
2021-07-01T15:00:00-00:00,2021-07-01T16:00:00-00:00,0,2021-07-01,9,0,ACTUAL,TIDC,Total Actual Hourly Integrated Load,SYS_FCST_ACT_MW,3.8,387,ACTUAL,25
2021-07-01T22:00:00-00:00,2021-07-01T23:00:00-00:00,0,2021-07-01,16,0,ACTUAL,TIDC,Total Actual Hourly Integrated Load,SYS_FCST_ACT_MW,3.8,577,ACTUAL,25
2021-07-01T17:00:00-00:00,2021-07-01T18:00:00-00:00,0,2021-07-01,11,0,ACTUAL,TIDC,Total Actual Hourly Integrated Load,SYS_FCST_ACT_MW,3.8,429,ACTUAL,25
2021-07-01T13:00:00-00:00,2021-07-01T14:00:00-00:00,0,2021-07-01,7,0,ACTUAL,VEA-TAC,Total Actual Hourly Integrated Load,SYS_FCST_ACT_MW,3.5,60,ACTUAL,26
2021-07-02T06:00:00-00:00,2021-07-02T07:00:00-00:00,0,2021-07-01,24,0,ACTUAL,VEA-TAC,Total Actual Hourly Integrated Load,SYS_FCST_ACT_MW,3.5,69,ACTUAL,26
2021-07-01T18:00:00-00:00,2021-07-01T19:00:00-00:00,0,2021-07-01,12,0,ACTUAL,VEA-TAC,Total Actual Hourly Integrated Load,SYS_FCST_ACT_MW,3.5,97,ACTUAL,26
2021-07-01T19:00:00-00:00,2021-07-01T20:00:00-00:00,0,2021-07-01,13,0,ACTUAL,VEA-TAC,Total Actual Hourly Integrated Load,SYS_FCST_ACT_MW,3.5,104,ACTUAL,26
2021-07-02T00:00:00-00:00,2021-07-02T01:00:00-00:00,0,2021-07-01,18,0,ACTUAL,VEA-TAC,Total Actual Hourly Integrated Load,SYS_FCST_ACT_MW,3.5,118,ACTUAL,26
2021-07-02T03:00:00-00:00,2021-07-02T04:00:00-00:00,0,2021-07-01,21,0,ACTUAL,VEA-TAC,Total Actual Hourly Integrated Load,SYS_FCST_ACT_MW,3.5,98,ACTUAL,26
2021-07-01T23:00:00-00:00,2021-07-02T00:00:00-00:00,0,2021-07-01,17,0,ACTUAL,VEA-TAC,Total Actual Hourly Integrated Load,SYS_FCST_ACT_MW,3.5,116,ACTUAL,26
2021-07-01T08:00:00-00:00,2021-07-01T09:00:00-00:00,0,2021-07-01,2,0,ACTUAL,VEA-TAC,Total Actual Hourly Integrated Load,SYS_FCST_ACT_MW,3.5,59,ACTUAL,26
2021-07-01T16:00:00-00:00,2021-07-01T17:00:00-00:00,0,2021-07-01,10,0,ACTUAL,VEA-TAC,Total Actual Hourly Integrated Load,SYS_FCST_ACT_MW,3.5,81,ACTUAL,26
2021-07-02T02:00:00-00:00,2021-07-02T03:00:00-00:00,0,2021-07-01,20,0,ACTUAL,VEA-TAC,Total Actual Hourly Integrated Load,SYS_FCST_ACT_MW,3.5,107,ACTUAL,26
2021-07-01T17:00:00-00:00,2021-07-01T18:00:00-00:00,0,2021-07-01,11,0,ACTUAL,VEA-TAC,Total Actual Hourly Integrated Load,SYS_FCST_ACT_MW,3.5,90,ACTUAL,26
2021-07-01T20:00:00-00:00,2021-07-01T21:00:00-00:00,0,2021-07-01,14,0,ACTUAL,VEA-TAC,Total Actual Hourly Integrated Load,SYS_FCST_ACT_MW,3.5,109,ACTUAL,26
2021-07-02T01:00:00-00:00,2021-07-02T02:00:00-00:00,0,2021-07-01,19,0,ACTUAL,VEA-TAC,Total Actual Hourly Integrated Load,SYS_FCST_ACT_MW,3.5,115,ACTUAL,26
2021-07-01T10:00:00-00:00,2021-07-01T11:00:00-00:00,0,2021-07-01,4,0,ACTUAL,VEA-TAC,Total Actual Hourly Integrated Load,SYS_FCST_ACT_MW,3.5,55,ACTUAL,26
2021-07-02T04:00:00-00:00,2021-07-02T05:00:00-00:00,0,2021-07-01,22,0,ACTUAL,VEA-TAC,Total Actual Hourly Integrated Load,SYS_FCST_ACT_MW,3.5,87,ACTUAL,26
2021-07-02T05:00:00-00:00,2021-07-02T06:00:00-00:00,0,2021-07-01,23,0,ACTUAL,VEA-TAC,Total Actual Hourly Integrated Load,SYS_FCST_ACT_MW,3.5,77,ACTUAL,26
2021-07-01T09:00:00-00:00,2021-07-01T10:00:00-00:00,0,2021-07-01,3,0,ACTUAL,VEA-TAC,Total Actual Hourly Integrated Load,SYS_FCST_ACT_MW,3.5,56,ACTUAL,26
2021-07-01T12:00:00-00:00,2021-07-01T13:00:00-00:00,0,2021-07-01,6,0,ACTUAL,VEA-TAC,Total Actual Hourly Integrated Load,SYS_FCST_ACT_MW,3.5,57,ACTUAL,26
2021-07-01T15:00:00-00:00,2021-07-01T16:00:00-00:00,0,2021-07-01,9,0,ACTUAL,VEA-TAC,Total Actual Hourly Integrated Load,SYS_FCST_ACT_MW,3.5,73,ACTUAL,26
2021-07-01T21:00:00-00:00,2021-07-01T22:00:00-00:00,0,2021-07-01,15,0,ACTUAL,VEA-TAC,Total Actual Hourly Integrated Load,SYS_FCST_ACT_MW,3.5,112,ACTUAL,26
2021-07-01T07:00:00-00:00,2021-07-01T08:00:00-00:00,0,2021-07-01,1,0,ACTUAL,VEA-TAC,Total Actual Hourly Integrated Load,SYS_FCST_ACT_MW,3.5,64,ACTUAL,26
2021-07-01T11:00:00-00:00,2021-07-01T12:00:00-00:00,0,2021-07-01,5,0,ACTUAL,VEA-TAC,Total Actual Hourly Integrated Load,SYS_FCST_ACT_MW,3.5,55,ACTUAL,26
2021-07-01T22:00:00-00:00,2021-07-01T23:00:00-00:00,0,2021-07-01,16,0,ACTUAL,VEA-TAC,Total Actual Hourly Integrated Load,SYS_FCST_ACT_MW,3.5,115,ACTUAL,26
2021-07-01T14:00:00-00:00,2021-07-01T15:00:00-00:00,0,2021-07-01,8,0,ACTUAL,VEA-TAC,Total Actual Hourly Integrated Load,SYS_FCST_ACT_MW,3.5,67,ACTUAL,26
